created_at,>=0.3um/dl,>=0.5um/dl,>1.0um/dl,>=2.5um/dl,>=5.0um/dl,>=10.0um/dl,PM1.0_ATM_ug/m3,PM10_ATM_ug/m3,
2020-08-12 18:00:00 UTC,364.11,114.95,18.07,0.95,0.14,0.00,1.18,2.56
2020-08-12 19:00:00 UTC,10707.66,3359.62,486.99,28.58,4.30,2.75,46.45,68.19
2020-08-12 20:00:00 UTC,1503.37,468.36,56.03,1.49,0.10,0.10,8.41,11.00
2020-08-12 21:00:00 UTC,,,,,,,,
2020-08-12 22:00:00 UTC,,,,,,,,
2020-08-12 23:00:00 UTC,785.28,245.98,51.43,6.37,1.35,1.24,3.39,7.59,
2020-08-12 18:00:00 UTC,364.11,114.95,18.07,0.95,0.14,0.00,1.18,2.56
2020-08-12 19:00:00 UTC,10707.66,3359.62,486.99,28.58,4.30,2.75,46.45,68.19
2020-08-12 20:00:00 UTC,1503.37,468.36,56.03,1.49,0.10,0.10,8.41,11.00
2020-08-12 21:00:00 UTC,,,,,,,,
2020-08-12 22:00:00 UTC,,,,,,,,
2020-08-12 23:00:00 UTC,785.28,245.98,51.43,6.37,1.35,1.24,3.39,7.59,
2020-10-05 08:00:00 UTC,15623.34,4940.02,1047.89,97.87,20.76,15.09,63.82,115.94
2020-10-05 09:00:00 UTC,10737.70,3386.47,702.15,67.48,14.43,10.33,44.63,83.98
2020-10-05 10:00:00 UTC,5574.57,1755.90,351.72,38.73,6.92,5.12,28.04,55.94
2020-10-05 11:00:00 UTC,2892.74,910.20,177.19,19.37,3.85,2.68,17.00,31.85
2020-10-05 12:00:00 UTC,13971.57,4422.63,1014.67,112.92,31.15,22.63,60.31,121.17
2020-10-05 13:00:00 UTC,8042.33,2536.26,550.40,69.31,17.07,12.43,35.55,74.51
2020-10-05 14:00:00 UTC,3160.10,993.61,211.50,30.87,7.33,5.42,17.80,38.18
2020-10-05 15:00:00 UTC,1580.46,497.57,100.06,14.46,4.08,2.96,8.77,18.75
2020-10-05 16:00:00 UTC,2995.15,946.11,222.50,30.18,9.98,7.57,13.70,30.63
2020-10-05 17:00:00 UTC,39527.16,12698.35,4061.61,480.80,154.34,113.42,163.05,416.82
2020-10-05 18:00:00 UTC,23306.65,7431.61,2084.09,248.61,75.41,55.76,97.48,228.30
2020-10-05 19:00:00 UTC,11780.68,3735.24,959.84,118.40,32.48,23.51,48.65,108.62
2020-10-05 20:00:00 UTC,7302.90,2311.93,576.55,74.39,18.42,13.60,32.58,73.72
2020-10-05 21:00:00 UTC,4862.46,1536.72,372.68,49.68,11.34,8.45,25.84,57.36
2020-10-05 22:00:00 UTC,3244.12,1025.78,248.98,34.12,7.22,5.56,19.03,42.30
2020-10-05 23:00:00 UTC,2256.43,713.55,170.93,22.56,4.98,3.64,12.89,28.80,
2020-10-05 08:00:00 UTC,15623.34,4940.02,1047.89,97.87,20.76,15.09,63.82,115.94
2020-10-05 09:00:00 UTC,10737.70,3386.47,702.15,67.48,14.43,10.33,44.63,83.98
2020-10-05 10:00:00 UTC,5574.57,1755.90,351.72,38.73,6.92,5.12,28.04,55.94
2020-10-05 11:00:00 UTC,2892.74,910.20,177.19,19.37,3.85,2.68,17.00,31.85
2020-10-05 12:00:00 UTC,13971.57,4422.63,1014.67,112.92,31.15,22.63,60.31,121.17
2020-10-05 13:00:00 UTC,8042.33,2536.26,550.40,69.31,17.07,12.43,35.55,74.51
2020-10-05 14:00:00 UTC,3160.10,993.61,211.50,30.87,7.33,5.42,17.80,38.18
2020-10-05 15:00:00 UTC,1580.46,497.57,100.06,14.46,4.08,2.96,8.77,18.75
2020-10-05 16:00:00 UTC,2995.15,946.11,222.50,30.18,9.98,7.57,13.70,30.63
2020-10-05 17:00:00 UTC,39527.16,12698.35,4061.61,480.80,154.34,113.42,163.05,416.82
2020-10-05 18:00:00 UTC,23306.65,7431.61,2084.09,248.61,75.41,55.76,97.48,228.30
2020-10-05 19:00:00 UTC,11780.68,3735.24,959.84,118.40,32.48,23.51,48.65,108.62
2020-10-05 20:00:00 UTC,7302.90,2311.93,576.55,74.39,18.42,13.60,32.58,73.72
2020-10-05 21:00:00 UTC,4862.46,1536.72,372.68,49.68,11.34,8.45,25.84,57.36
2020-10-05 22:00:00 UTC,3244.12,1025.78,248.98,34.12,7.22,5.56,19.03,42.30
2020-10-05 23:00:00 UTC,2256.43,713.55,170.93,22.56,4.98,3.64,12.89,28.80
2020-10-06 00:00:00 UTC,1618.92,512.15,121.43,15.72,3.56,2.61,8.98,20.41
2020-10-06 01:00:00 UTC,1215.12,383.94,90.30,11.17,2.50,1.82,6.55,14.48
2020-10-06 02:00:00 UTC,956.13,302.71,69.17,7.19,1.81,1.29,4.97,10.66
2020-10-06 03:00:00 UTC,758.33,239.33,54.67,5.74,1.60,1.27,3.71,8.28
2020-10-06 04:00:00 UTC,599.83,189.63,43.67,4.46,1.48,1.08,2.73,6.42
2020-10-06 05:00:00 UTC,727.45,229.33,43.27,4.08,0.95,0.62,3.47,6.88
2020-10-06 06:00:00 UTC,5430.42,1699.74,255.75,22.49,3.36,2.37,27.04,47.73
2020-10-06 07:00:00 UTC,2602.84,812.83,125.99,10.91,2.17,1.40,15.25,24.05
2020-10-06 08:00:00 UTC,2172.64,683.69,147.05,19.08,3.77,2.52,12.41,25.32
2020-10-06 09:00:00 UTC,2328.96,735.48,170.36,24.36,6.02,4.52,13.37,29.93
2020-10-06 10:00:00 UTC,2212.14,699.37,178.91,30.44,8.80,6.71,12.33,31.96
2020-10-06 11:00:00 UTC,3397.78,1077.92,311.42,54.82,15.48,11.53,18.60,49.90
2020-10-06 12:00:00 UTC,1961.53,622.05,167.50,26.47,6.87,5.36,10.90,27.90
2020-10-06 13:00:00 UTC,943.70,297.07,67.81,7.90,2.57,1.85,4.86,10.92
2020-10-06 14:00:00 UTC,516.21,161.78,32.18,3.96,1.30,0.98,2.23,5.18
2020-10-06 15:00:00 UTC,612.98,193.10,42.48,5.34,1.47,1.16,2.79,6.66
2020-10-06 16:00:00 UTC,16973.00,5425.21,1582.07,182.28,47.04,33.31,71.10,166.39
2020-10-06 17:00:00 UTC,44444.52,14756.26,5219.06,580.92,153.14,108.76,194.46,509.33
2020-10-06 18:00:00 UTC,53453.74,17246.24,5414.03,569.80,151.82,105.47,232.95,549.88
2020-10-06 19:00:00 UTC,38033.10,12161.29,3192.66,311.09,83.26,59.40,165.70,344.77
2020-10-06 20:00:00 UTC,28116.30,8944.47,2167.41,207.65,54.14,38.94,121.57,240.86
2020-10-06 21:00:00 UTC,20823.57,6601.75,1514.72,146.15,35.67,25.80,89.35,171.90
2020-10-06 22:00:00 UTC,15233.40,4821.42,1073.99,103.58,23.93,17.10,64.97,122.71
2020-10-06 23:00:00 UTC,11491.15,3631.56,796.09,79.42,17.24,12.23,48.54,91.99,
2020-10-06 00:00:00 UTC,1618.92,512.15,121.43,15.72,3.56,2.61,8.98,20.41
2020-10-06 01:00:00 UTC,1215.12,383.94,90.30,11.17,2.50,1.82,6.55,14.48
2020-10-06 02:00:00 UTC,956.13,302.71,69.17,7.19,1.81,1.29,4.97,10.66
2020-10-06 03:00:00 UTC,758.33,239.33,54.67,5.74,1.60,1.27,3.71,8.28
2020-10-06 04:00:00 UTC,599.83,189.63,43.67,4.46,1.48,1.08,2.73,6.42
2020-10-06 05:00:00 UTC,727.45,229.33,43.27,4.08,0.95,0.62,3.47,6.88
2020-10-06 06:00:00 UTC,5430.42,1699.74,255.75,22.49,3.36,2.37,27.04,47.73
2020-10-06 07:00:00 UTC,2602.84,812.83,125.99,10.91,2.17,1.40,15.25,24.05
2020-10-06 08:00:00 UTC,2172.64,683.69,147.05,19.08,3.77,2.52,12.41,25.32
2020-10-06 09:00:00 UTC,2328.96,735.48,170.36,24.36,6.02,4.52,13.37,29.93
2020-10-06 10:00:00 UTC,2212.14,699.37,178.91,30.44,8.80,6.71,12.33,31.96
2020-10-06 11:00:00 UTC,3397.78,1077.92,311.42,54.82,15.48,11.53,18.60,49.90
2020-10-06 12:00:00 UTC,1961.53,622.05,167.50,26.47,6.87,5.36,10.90,27.90
2020-10-06 13:00:00 UTC,943.70,297.07,67.81,7.90,2.57,1.85,4.86,10.92
2020-10-06 14:00:00 UTC,516.21,161.78,32.18,3.96,1.30,0.98,2.23,5.18
2020-10-06 15:00:00 UTC,612.98,193.10,42.48,5.34,1.47,1.16,2.79,6.66
2020-10-06 16:00:00 UTC,16973.00,5425.21,1582.07,182.28,47.04,33.31,71.10,166.39
2020-10-06 17:00:00 UTC,44444.52,14756.26,5219.06,580.92,153.14,108.76,194.46,509.33
2020-10-06 18:00:00 UTC,53453.74,17246.24,5414.03,569.80,151.82,105.47,232.95,549.88
2020-10-06 19:00:00 UTC,38033.10,12161.29,3192.66,311.09,83.26,59.40,165.70,344.77
2020-10-06 20:00:00 UTC,28116.30,8944.47,2167.41,207.65,54.14,38.94,121.57,240.86
2020-10-06 21:00:00 UTC,20823.57,6601.75,1514.72,146.15,35.67,25.80,89.35,171.90
2020-10-06 22:00:00 UTC,15233.40,4821.42,1073.99,103.58,23.93,17.10,64.97,122.71
2020-10-06 23:00:00 UTC,11491.15,3631.56,796.09,79.42,17.24,12.23,48.54,91.99
2020-10-07 00:00:00 UTC,8117.86,2563.12,553.31,59.55,11.57,8.13,35.18,72.77
2020-10-07 01:00:00 UTC,5859.13,1846.08,394.61,43.64,7.79,5.49,29.20,60.07
2020-10-07 02:00:00 UTC,4224.91,1330.42,281.87,32.39,5.17,3.51,23.90,47.80
2020-10-07 03:00:00 UTC,3080.71,971.10,204.71,24.48,4.50,3.03,18.97,36.42
2020-10-07 04:00:00 UTC,2224.43,700.63,148.34,16.18,2.69,1.81,13.22,25.48
2020-10-07 05:00:00 UTC,26843.79,8664.54,3209.12,474.42,153.90,112.82,112.07,349.13
2020-10-07 06:00:00 UTC,33012.05,10585.68,3405.17,445.66,151.61,113.67,134.64,361.80
2020-10-07 07:00:00 UTC,18771.58,5984.95,1732.06,219.66,69.93,52.61,76.95,188.98
2020-10-07 08:00:00 UTC,9243.67,2933.00,803.46,107.74,30.95,22.45,39.18,93.66
2020-10-07 09:00:00 UTC,3969.17,1254.74,319.50,47.53,12.88,9.53,20.62,49.25
2020-10-07 10:00:00 UTC,1613.89,509.03,123.50,18.79,5.04,3.87,8.78,21.40
2020-10-07 11:00:00 UTC,935.66,294.06,64.46,8.91,3.06,2.30,4.77,11.20
2020-10-07 12:00:00 UTC,186.28,58.36,12.22,1.93,0.96,0.82,0.15,1.65
2020-10-07 13:00:00 UTC,191.95,60.25,10.58,1.94,0.80,0.68,0.24,1.56
2020-10-07 14:00:00 UTC,246.21,76.89,14.01,2.36,0.78,0.53,0.55,2.06
2020-10-07 15:00:00 UTC,636.31,199.95,39.90,4.73,1.34,0.94,2.96,6.42
2020-10-07 16:00:00 UTC,2206.12,689.23,125.34,18.02,5.16,3.83,12.48,24.72
2020-10-07 17:00:00 UTC,50643.15,16978.85,6809.90,930.53,290.35,210.76,214.22,687.30
2020-10-07 18:00:00 UTC,46922.37,15105.26,4804.07,581.19,173.22,126.33,199.14,505.33
2020-10-07 19:00:00 UTC,51879.60,16734.74,5370.44,585.56,159.14,113.28,222.46,543.29
2020-10-07 20:00:00 UTC,36410.00,11633.94,3136.14,320.01,87.69,64.00,156.45,336.30
2020-10-07 21:00:00 UTC,25952.82,8245.85,2055.25,209.11,56.64,41.29,111.34,228.78
2020-10-07 22:00:00 UTC,21758.03,6916.18,1830.42,223.45,67.40,50.01,91.91,208.54
2020-10-07 23:00:00 UTC,14800.78,4693.24,1213.27,148.60,42.52,31.74,61.82,138.31,
2020-10-07 00:00:00 UTC,8117.86,2563.12,553.31,59.55,11.57,8.13,35.18,72.77
2020-10-07 01:00:00 UTC,5859.13,1846.08,394.61,43.64,7.79,5.49,29.20,60.07
2020-10-07 02:00:00 UTC,4224.91,1330.42,281.87,32.39,5.17,3.51,23.90,47.80
2020-10-07 03:00:00 UTC,3080.71,971.10,204.71,24.48,4.50,3.03,18.97,36.42
2020-10-07 04:00:00 UTC,2224.43,700.63,148.34,16.18,2.69,1.81,13.22,25.48
2020-10-07 05:00:00 UTC,26843.79,8664.54,3209.12,474.42,153.90,112.82,112.07,349.13
2020-10-07 06:00:00 UTC,33012.05,10585.68,3405.17,445.66,151.61,113.67,134.64,361.80
2020-10-07 07:00:00 UTC,18771.58,5984.95,1732.06,219.66,69.93,52.61,76.95,188.98
2020-10-07 08:00:00 UTC,9243.67,2933.00,803.46,107.74,30.95,22.45,39.18,93.66
2020-10-07 09:00:00 UTC,3969.17,1254.74,319.50,47.53,12.88,9.53,20.62,49.25
2020-10-07 10:00:00 UTC,1613.89,509.03,123.50,18.79,5.04,3.87,8.78,21.40
2020-10-07 11:00:00 UTC,935.66,294.06,64.46,8.91,3.06,2.30,4.77,11.20
2020-10-07 12:00:00 UTC,186.28,58.36,12.22,1.93,0.96,0.82,0.15,1.65
2020-10-07 13:00:00 UTC,191.95,60.25,10.58,1.94,0.80,0.68,0.24,1.56
2020-10-07 14:00:00 UTC,246.21,76.89,14.01,2.36,0.78,0.53,0.55,2.06
2020-10-07 15:00:00 UTC,636.31,199.95,39.90,4.73,1.34,0.94,2.96,6.42
2020-10-07 16:00:00 UTC,2206.12,689.23,125.34,18.02,5.16,3.83,12.48,24.72
2020-10-07 17:00:00 UTC,50643.15,16978.85,6809.90,930.53,290.35,210.76,214.22,687.30
2020-10-07 18:00:00 UTC,46922.37,15105.26,4804.07,581.19,173.22,126.33,199.14,505.33
2020-10-07 19:00:00 UTC,51879.60,16734.74,5370.44,585.56,159.14,113.28,222.46,543.29
2020-10-07 20:00:00 UTC,36410.00,11633.94,3136.14,320.01,87.69,64.00,156.45,336.30
2020-10-07 21:00:00 UTC,25952.82,8245.85,2055.25,209.11,56.64,41.29,111.34,228.78
2020-10-07 22:00:00 UTC,21758.03,6916.18,1830.42,223.45,67.40,50.01,91.91,208.54
2020-10-07 23:00:00 UTC,14800.78,4693.24,1213.27,148.60,42.52,31.74,61.82,138.31
2020-10-08 00:00:00 UTC,7819.44,2472.12,579.91,69.33,15.87,11.70,34.56,74.29
2020-10-08 01:00:00 UTC,3668.75,1156.02,255.53,30.99,6.16,4.31,21.00,43.06
2020-10-08 02:00:00 UTC,1601.33,505.37,106.09,11.58,2.65,1.91,9.00,18.06
2020-10-08 03:00:00 UTC,1654.49,520.88,111.31,13.94,3.36,2.34,9.09,19.05
2020-10-08 04:00:00 UTC,2992.83,941.98,205.10,28.47,6.11,4.34,17.84,37.10
2020-10-08 05:00:00 UTC,1903.78,599.29,132.26,17.83,3.94,2.88,10.68,22.80
2020-10-08 06:00:00 UTC,29271.50,9352.36,2677.70,301.13,96.16,70.95,119.85,278.91
2020-10-08 07:00:00 UTC,20730.56,6590.89,1737.06,205.89,66.02,49.62,84.92,191.69
2020-10-08 08:00:00 UTC,10354.14,3278.68,803.94,99.57,28.41,20.88,42.93,94.05
2020-10-08 09:00:00 UTC,11406.67,3600.74,796.65,90.22,23.30,16.89,46.89,93.19
2020-10-08 10:00:00 UTC,6290.87,1983.91,426.17,53.61,12.96,9.55,29.30,61.87
2020-10-08 11:00:00 UTC,2582.64,816.48,178.96,22.69,5.29,3.71,14.85,30.67
2020-10-08 12:00:00 UTC,1339.59,421.72,88.29,10.24,2.56,1.96,7.30,14.71
2020-10-08 13:00:00 UTC,756.60,237.03,41.87,3.74,1.21,0.89,3.76,7.02
2020-10-08 14:00:00 UTC,572.93,180.19,28.53,2.57,0.67,0.56,2.66,4.77
2020-10-08 15:00:00 UTC,489.17,152.06,22.41,2.21,0.71,0.52,2.09,3.84
2020-10-08 16:00:00 UTC,404.83,126.08,17.61,1.49,0.50,0.37,1.59,2.87
2020-10-08 17:00:00 UTC,8183.09,2579.28,514.12,55.43,12.95,9.53,34.64,65.47
2020-10-08 18:00:00 UTC,31414.97,10075.43,3186.75,443.39,152.06,113.07,131.77,358.15
2020-10-08 19:00:00 UTC,25379.29,8087.05,2314.19,312.30,103.73,78.65,105.90,265.02
2020-10-08 20:00:00 UTC,30833.12,9833.04,2612.38,292.50,86.31,63.27,132.30,290.94,
2020-10-08 00:00:00 UTC,7819.44,2472.12,579.91,69.33,15.87,11.70,34.56,74.29
2020-10-08 01:00:00 UTC,3668.75,1156.02,255.53,30.99,6.16,4.31,21.00,43.06
2020-10-08 02:00:00 UTC,1601.33,505.37,106.09,11.58,2.65,1.91,9.00,18.06
2020-10-08 03:00:00 UTC,1654.49,520.88,111.31,13.94,3.36,2.34,9.09,19.05
2020-10-08 04:00:00 UTC,2992.83,941.98,205.10,28.47,6.11,4.34,17.84,37.10
2020-10-08 05:00:00 UTC,1903.78,599.29,132.26,17.83,3.94,2.88,10.68,22.80
2020-10-08 06:00:00 UTC,29271.50,9352.36,2677.70,301.13,96.16,70.95,119.85,278.91
2020-10-08 07:00:00 UTC,20730.56,6590.89,1737.06,205.89,66.02,49.62,84.92,191.69
2020-10-08 08:00:00 UTC,10354.14,3278.68,803.94,99.57,28.41,20.88,42.93,94.05
2020-10-08 09:00:00 UTC,11406.67,3600.74,796.65,90.22,23.30,16.89,46.89,93.19
2020-10-08 10:00:00 UTC,6290.87,1983.91,426.17,53.61,12.96,9.55,29.30,61.87
2020-10-08 11:00:00 UTC,2582.64,816.48,178.96,22.69,5.29,3.71,14.85,30.67
2020-10-08 12:00:00 UTC,1339.59,421.72,88.29,10.24,2.56,1.96,7.30,14.71
2020-10-08 13:00:00 UTC,756.60,237.03,41.87,3.74,1.21,0.89,3.76,7.02
2020-10-08 14:00:00 UTC,572.93,180.19,28.53,2.57,0.67,0.56,2.66,4.77
2020-10-08 15:00:00 UTC,489.17,152.06,22.41,2.21,0.71,0.52,2.09,3.84
2020-10-08 16:00:00 UTC,404.83,126.08,17.61,1.49,0.50,0.37,1.59,2.87
2020-10-08 17:00:00 UTC,8183.09,2579.28,514.12,55.43,12.95,9.53,34.64,65.47
2020-10-08 18:00:00 UTC,31414.97,10075.43,3186.75,443.39,152.06,113.07,131.77,358.15
2020-10-08 19:00:00 UTC,25379.29,8087.05,2314.19,312.30,103.73,78.65,105.90,265.02
2020-10-08 20:00:00 UTC,30833.12,9833.04,2612.38,292.50,86.31,63.27,132.30,290.94
2020-10-08 21:00:00 UTC,,,,,,,,
2020-10-08 22:00:00 UTC,,,,,,,,
2020-10-08 23:00:00 UTC,,,,,,,,
2020-10-09 00:00:00 UTC,,,,,,,,
2020-10-09 01:00:00 UTC,,,,,,,,
2020-10-09 02:00:00 UTC,,,,,,,,
2020-10-09 03:00:00 UTC,,,,,,,,
2020-10-09 04:00:00 UTC,,,,,,,,
2020-10-09 05:00:00 UTC,,,,,,,,
2020-10-09 06:00:00 UTC,10107.77,3182.29,621.24,60.40,13.34,8.75,40.63,75.54
2020-10-09 07:00:00 UTC,6476.98,2035.58,385.41,38.47,7.61,5.40,29.48,57.43
2020-10-09 08:00:00 UTC,3663.22,1148.20,216.53,23.31,4.42,3.03,20.65,37.98
2020-10-09 09:00:00 UTC,1771.06,554.96,101.75,10.11,2.37,1.63,9.94,17.63
2020-10-09 10:00:00 UTC,965.90,303.06,58.53,5.53,1.62,1.18,4.88,9.49
2020-10-09 11:00:00 UTC,719.69,225.53,43.66,4.83,1.51,1.17,3.33,7.09
2020-10-09 12:00:00 UTC,719.70,226.51,49.27,6.41,1.93,1.31,3.35,7.84
2020-10-09 13:00:00 UTC,570.42,179.13,34.84,3.61,1.07,0.93,2.48,5.37
2020-10-09 14:00:00 UTC,333.31,104.91,22.09,2.72,1.04,0.72,1.02,3.06
2020-10-09 15:00:00 UTC,257.23,80.91,17.11,2.12,0.71,0.50,0.57,2.08
2020-10-09 16:00:00 UTC,283.66,88.90,19.72,2.97,1.02,0.85,0.68,2.69
2020-10-09 17:00:00 UTC,18890.91,6430.22,2719.60,378.42,123.61,90.97,78.58,265.49
2020-10-09 18:00:00 UTC,55089.44,17978.55,6209.58,733.70,234.25,171.55,227.27,607.41
2020-10-09 19:00:00 UTC,33337.64,10651.43,2962.72,336.44,106.19,78.33,137.91,315.48
2020-10-09 20:00:00 UTC,17574.44,5577.14,1388.47,154.91,45.38,33.60,72.31,153.32
2020-10-09 21:00:00 UTC,8456.64,2674.89,637.99,78.37,19.84,14.60,36.53,79.10
2020-10-09 22:00:00 UTC,3925.41,1238.68,289.13,38.97,8.39,6.02,22.20,47.80
2020-10-09 23:00:00 UTC,1979.20,625.43,145.20,18.63,4.16,3.16,11.19,24.69,
2020-10-09 06:00:00 UTC,10107.77,3182.29,621.24,60.40,13.34,8.75,40.63,75.54
2020-10-09 07:00:00 UTC,6476.98,2035.58,385.41,38.47,7.61,5.40,29.48,57.43
2020-10-09 08:00:00 UTC,3663.22,1148.20,216.53,23.31,4.42,3.03,20.65,37.98
2020-10-09 09:00:00 UTC,1771.06,554.96,101.75,10.11,2.37,1.63,9.94,17.63
2020-10-09 10:00:00 UTC,965.90,303.06,58.53,5.53,1.62,1.18,4.88,9.49
2020-10-09 11:00:00 UTC,719.69,225.53,43.66,4.83,1.51,1.17,3.33,7.09
2020-10-09 12:00:00 UTC,719.70,226.51,49.27,6.41,1.93,1.31,3.35,7.84
2020-10-09 13:00:00 UTC,570.42,179.13,34.84,3.61,1.07,0.93,2.48,5.37
2020-10-09 14:00:00 UTC,333.31,104.91,22.09,2.72,1.04,0.72,1.02,3.06
2020-10-09 15:00:00 UTC,257.23,80.91,17.11,2.12,0.71,0.50,0.57,2.08
2020-10-09 16:00:00 UTC,283.66,88.90,19.72,2.97,1.02,0.85,0.68,2.69
2020-10-09 17:00:00 UTC,18890.91,6430.22,2719.60,378.42,123.61,90.97,78.58,265.49
2020-10-09 18:00:00 UTC,55089.44,17978.55,6209.58,733.70,234.25,171.55,227.27,607.41
2020-10-09 19:00:00 UTC,33337.64,10651.43,2962.72,336.44,106.19,78.33,137.91,315.48
2020-10-09 20:00:00 UTC,17574.44,5577.14,1388.47,154.91,45.38,33.60,72.31,153.32
2020-10-09 21:00:00 UTC,8456.64,2674.89,637.99,78.37,19.84,14.60,36.53,79.10
2020-10-09 22:00:00 UTC,3925.41,1238.68,289.13,38.97,8.39,6.02,22.20,47.80
2020-10-09 23:00:00 UTC,1979.20,625.43,145.20,18.63,4.16,3.16,11.19,24.69
2020-10-10 00:00:00 UTC,996.14,314.72,70.48,8.60,2.21,1.59,5.20,11.44
2020-10-10 01:00:00 UTC,546.14,172.24,37.26,4.28,1.24,0.94,2.41,5.70
2020-10-10 02:00:00 UTC,375.20,117.64,25.77,3.15,1.22,0.89,1.30,3.76
2020-10-10 03:00:00 UTC,267.48,84.29,17.09,2.15,0.64,0.46,0.76,2.26
2020-10-10 04:00:00 UTC,205.60,64.78,13.12,1.62,0.61,0.50,0.24,1.59
2020-10-10 05:00:00 UTC,175.08,54.83,11.08,1.59,0.46,0.29,0.09,1.19
2020-10-10 06:00:00 UTC,503.94,159.75,40.90,6.90,2.63,1.95,2.07,6.77
2020-10-10 07:00:00 UTC,537.74,169.37,44.74,6.77,2.51,1.86,2.27,7.01
2020-10-10 08:00:00 UTC,400.60,126.31,28.83,4.65,1.63,1.30,1.46,4.56
2020-10-10 09:00:00 UTC,3034.15,946.08,162.79,22.41,5.28,3.81,17.26,32.57
2020-10-10 10:00:00 UTC,1463.71,455.90,79.61,9.67,2.72,2.00,7.98,14.84
2020-10-10 11:00:00 UTC,822.84,256.98,45.37,6.00,2.00,1.46,4.06,8.31
2020-10-10 12:00:00 UTC,544.60,169.89,30.67,3.97,1.56,1.23,2.38,5.35
2020-10-10 13:00:00 UTC,409.57,127.86,22.52,2.76,0.99,0.71,1.57,3.65
2020-10-10 14:00:00 UTC,8249.53,2593.79,454.57,34.26,6.58,4.52,35.33,56.82
2020-10-10 15:00:00 UTC,10086.32,3165.53,562.47,48.61,7.85,5.25,41.35,73.92
2020-10-10 16:00:00 UTC,5061.61,1587.02,282.80,26.75,4.35,2.90,25.42,46.94
2020-10-10 17:00:00 UTC,3499.45,1102.62,220.30,23.97,6.13,4.54,18.45,33.61
2020-10-10 18:00:00 UTC,45175.94,14563.74,5033.28,655.36,223.07,165.35,181.42,511.37
2020-10-10 19:00:00 UTC,32099.26,10272.17,3179.50,405.52,134.86,101.08,129.87,335.85
2020-10-10 20:00:00 UTC,19773.08,6292.39,1759.91,221.00,70.57,52.50,79.94,191.24
2020-10-10 21:00:00 UTC,14903.42,4726.80,1221.61,146.47,43.37,32.29,60.05,134.25
2020-10-10 22:00:00 UTC,11202.49,3548.53,911.94,112.51,32.40,23.71,44.41,100.25
2020-10-10 23:00:00 UTC,7472.17,2364.72,601.82,77.75,20.47,15.25,31.99,73.11,
2020-10-10 00:00:00 UTC,996.14,314.72,70.48,8.60,2.21,1.59,5.20,11.44
2020-10-10 01:00:00 UTC,546.14,172.24,37.26,4.28,1.24,0.94,2.41,5.70
2020-10-10 02:00:00 UTC,375.20,117.64,25.77,3.15,1.22,0.89,1.30,3.76
2020-10-10 03:00:00 UTC,267.48,84.29,17.09,2.15,0.64,0.46,0.76,2.26
2020-10-10 04:00:00 UTC,205.60,64.78,13.12,1.62,0.61,0.50,0.24,1.59
2020-10-10 05:00:00 UTC,175.08,54.83,11.08,1.59,0.46,0.29,0.09,1.19
2020-10-10 06:00:00 UTC,503.94,159.75,40.90,6.90,2.63,1.95,2.07,6.77
2020-10-10 07:00:00 UTC,537.74,169.37,44.74,6.77,2.51,1.86,2.27,7.01
2020-10-10 08:00:00 UTC,400.60,126.31,28.83,4.65,1.63,1.30,1.46,4.56
2020-10-10 09:00:00 UTC,3034.15,946.08,162.79,22.41,5.28,3.81,17.26,32.57
2020-10-10 10:00:00 UTC,1463.71,455.90,79.61,9.67,2.72,2.00,7.98,14.84
2020-10-10 11:00:00 UTC,822.84,256.98,45.37,6.00,2.00,1.46,4.06,8.31
2020-10-10 12:00:00 UTC,544.60,169.89,30.67,3.97,1.56,1.23,2.38,5.35
2020-10-10 13:00:00 UTC,409.57,127.86,22.52,2.76,0.99,0.71,1.57,3.65
2020-10-10 14:00:00 UTC,8249.53,2593.79,454.57,34.26,6.58,4.52,35.33,56.82
2020-10-10 15:00:00 UTC,10086.32,3165.53,562.47,48.61,7.85,5.25,41.35,73.92
2020-10-10 16:00:00 UTC,5061.61,1587.02,282.80,26.75,4.35,2.90,25.42,46.94
2020-10-10 17:00:00 UTC,3499.45,1102.62,220.30,23.97,6.13,4.54,18.45,33.61
2020-10-10 18:00:00 UTC,45175.94,14563.74,5033.28,655.36,223.07,165.35,181.42,511.37
2020-10-10 19:00:00 UTC,32099.26,10272.17,3179.50,405.52,134.86,101.08,129.87,335.85
2020-10-10 20:00:00 UTC,19773.08,6292.39,1759.91,221.00,70.57,52.50,79.94,191.24
2020-10-10 21:00:00 UTC,14903.42,4726.80,1221.61,146.47,43.37,32.29,60.05,134.25
2020-10-10 22:00:00 UTC,11202.49,3548.53,911.94,112.51,32.40,23.71,44.41,100.25
2020-10-10 23:00:00 UTC,7472.17,2364.72,601.82,77.75,20.47,15.25,31.99,73.11
2020-10-11 00:00:00 UTC,5212.81,1647.50,419.52,56.72,14.32,10.65,25.94,59.64
2020-10-11 01:00:00 UTC,3575.38,1130.89,282.09,38.64,9.00,6.59,20.14,45.64
2020-10-11 02:00:00 UTC,2579.05,815.55,205.83,28.13,6.49,4.83,14.80,33.52
2020-10-11 03:00:00 UTC,1860.51,588.11,144.82,18.86,4.66,3.56,10.43,23.41
2020-10-11 04:00:00 UTC,1336.70,422.22,99.96,12.44,3.15,2.22,7.23,16.01
2020-10-11 05:00:00 UTC,967.33,305.54,72.99,7.08,2.01,1.45,4.99,10.88
2020-10-11 06:00:00 UTC,716.76,225.28,50.72,5.18,1.68,1.17,3.22,7.42
2020-10-11 07:00:00 UTC,9441.26,2982.15,658.95,77.68,23.17,17.46,38.46,77.71
2020-10-11 08:00:00 UTC,7576.55,2388.12,522.81,66.30,18.42,14.00,32.43,69.25
2020-10-11 09:00:00 UTC,11561.56,3648.81,730.32,70.35,17.21,12.35,50.80,92.55
2020-10-11 10:00:00 UTC,10570.93,3329.46,654.30,68.60,16.78,12.31,43.79,82.10
2020-10-11 11:00:00 UTC,3970.16,1247.99,250.23,30.61,7.04,5.27,21.29,42.34
2020-10-11 12:00:00 UTC,2959.41,928.28,168.11,18.51,4.55,3.27,16.63,30.51
2020-10-11 13:00:00 UTC,1527.87,477.31,84.01,8.46,2.56,1.74,8.45,15.16
2020-10-11 14:00:00 UTC,895.43,280.10,46.70,4.13,0.92,0.69,4.60,7.97
2020-10-11 15:00:00 UTC,569.44,178.23,28.67,2.62,0.87,0.59,2.57,4.78
2020-10-11 16:00:00 UTC,459.53,143.62,25.57,3.03,0.94,0.71,1.73,3.93
2020-10-11 17:00:00 UTC,2502.07,788.80,187.07,35.32,11.47,8.98,13.85,34.97
2020-10-11 18:00:00 UTC,14132.91,4509.03,1257.43,157.46,54.66,41.63,58.75,140.75
2020-10-11 19:00:00 UTC,27111.88,8618.35,2220.34,264.71,89.06,66.77,110.71,246.39
2020-10-11 20:00:00 UTC,19473.79,6160.06,1417.93,161.96,49.65,36.75,79.24,162.59
2020-10-11 21:00:00 UTC,12811.54,4041.61,902.63,104.95,30.49,22.79,51.56,104.60
2020-10-11 22:00:00 UTC,8216.52,2589.42,563.75,70.03,18.51,13.55,34.15,72.44
2020-10-11 23:00:00 UTC,5502.35,1733.63,378.16,47.96,11.32,8.25,26.90,57.00,
2020-10-11 00:00:00 UTC,5212.81,1647.50,419.52,56.72,14.32,10.65,25.94,59.64
2020-10-11 01:00:00 UTC,3575.38,1130.89,282.09,38.64,9.00,6.59,20.14,45.64
2020-10-11 02:00:00 UTC,2579.05,815.55,205.83,28.13,6.49,4.83,14.80,33.52
2020-10-11 03:00:00 UTC,1860.51,588.11,144.82,18.86,4.66,3.56,10.43,23.41
2020-10-11 04:00:00 UTC,1336.70,422.22,99.96,12.44,3.15,2.22,7.23,16.01
2020-10-11 05:00:00 UTC,967.33,305.54,72.99,7.08,2.01,1.45,4.99,10.88
2020-10-11 06:00:00 UTC,716.76,225.28,50.72,5.18,1.68,1.17,3.22,7.42
2020-10-11 07:00:00 UTC,9441.26,2982.15,658.95,77.68,23.17,17.46,38.46,77.71
2020-10-11 08:00:00 UTC,7576.55,2388.12,522.81,66.30,18.42,14.00,32.43,69.25
2020-10-11 09:00:00 UTC,11561.56,3648.81,730.32,70.35,17.21,12.35,50.80,92.55
2020-10-11 10:00:00 UTC,10570.93,3329.46,654.30,68.60,16.78,12.31,43.79,82.10
2020-10-11 11:00:00 UTC,3970.16,1247.99,250.23,30.61,7.04,5.27,21.29,42.34
2020-10-11 12:00:00 UTC,2959.41,928.28,168.11,18.51,4.55,3.27,16.63,30.51
2020-10-11 13:00:00 UTC,1527.87,477.31,84.01,8.46,2.56,1.74,8.45,15.16
2020-10-11 14:00:00 UTC,895.43,280.10,46.70,4.13,0.92,0.69,4.60,7.97
2020-10-11 15:00:00 UTC,569.44,178.23,28.67,2.62,0.87,0.59,2.57,4.78
2020-10-11 16:00:00 UTC,459.53,143.62,25.57,3.03,0.94,0.71,1.73,3.93
2020-10-11 17:00:00 UTC,2502.07,788.80,187.07,35.32,11.47,8.98,13.85,34.97
2020-10-11 18:00:00 UTC,14132.91,4509.03,1257.43,157.46,54.66,41.63,58.75,140.75
2020-10-11 19:00:00 UTC,27111.88,8618.35,2220.34,264.71,89.06,66.77,110.71,246.39
2020-10-11 20:00:00 UTC,19473.79,6160.06,1417.93,161.96,49.65,36.75,79.24,162.59
2020-10-11 21:00:00 UTC,12811.54,4041.61,902.63,104.95,30.49,22.79,51.56,104.60
2020-10-11 22:00:00 UTC,8216.52,2589.42,563.75,70.03,18.51,13.55,34.15,72.44
2020-10-11 23:00:00 UTC,5502.35,1733.63,378.16,47.96,11.32,8.25,26.90,57.00
2020-10-12 00:00:00 UTC,3748.07,1179.26,252.74,33.29,7.32,5.35,21.02,43.16
2020-10-12 01:00:00 UTC,2572.85,808.31,168.22,19.74,4.66,3.39,14.96,28.88
2020-10-12 02:00:00 UTC,1717.96,539.87,108.97,12.22,2.98,2.18,9.65,18.58
2020-10-12 03:00:00 UTC,1221.29,383.57,74.31,6.62,1.85,1.27,6.62,12.29
2020-10-12 04:00:00 UTC,905.95,283.88,53.67,4.87,1.16,0.86,4.66,8.68
2020-10-12 05:00:00 UTC,18065.16,5797.51,1774.68,231.69,76.28,56.38,74.49,190.54
2020-10-12 06:00:00 UTC,38598.88,12383.51,3789.30,475.33,163.13,122.06,156.57,397.20
2020-10-12 07:00:00 UTC,22958.97,7311.12,2012.74,248.01,84.83,63.91,92.67,218.48
2020-10-12 08:00:00 UTC,12369.47,3921.43,1020.29,132.11,40.71,30.38,48.83,112.48
2020-10-12 09:00:00 UTC,6586.34,2082.87,523.80,72.15,20.03,14.83,29.58,67.37
2020-10-12 10:00:00 UTC,3779.92,1193.28,295.90,43.34,11.04,8.22,20.76,47.54
2020-10-12 11:00:00 UTC,2772.62,875.43,210.89,29.98,7.09,5.09,15.87,35.14
2020-10-12 12:00:00 UTC,9778.93,3111.74,816.20,96.00,26.57,18.89,43.56,97.68
2020-10-12 13:00:00 UTC,45252.86,14539.96,4348.86,443.25,125.30,91.19,187.51,429.32
2020-10-12 14:00:00 UTC,32709.00,10437.63,2805.83,282.44,79.16,57.91,135.11,289.50
2020-10-12 15:00:00 UTC,23952.42,7610.67,1917.75,190.38,53.02,38.50,98.82,203.24
2020-10-12 16:00:00 UTC,16782.72,5326.35,1276.45,121.57,30.71,22.91,68.59,135.14
2020-10-12 17:00:00 UTC,40624.81,13077.73,4381.34,557.76,192.63,142.52,163.62,446.18
2020-10-12 18:00:00 UTC,41358.52,13288.76,4298.55,537.46,181.90,135.08,166.61,440.08
2020-10-12 19:00:00 UTC,28171.59,8990.36,2596.21,310.95,102.19,76.74,113.77,273.40
2020-10-12 20:00:00 UTC,19567.21,6226.66,1677.59,197.33,61.03,45.06,79.04,179.18
2020-10-12 21:00:00 UTC,13012.39,4127.73,1075.05,127.86,37.29,27.52,51.97,115.51
2020-10-12 22:00:00 UTC,8856.26,2807.62,717.62,87.04,23.68,17.71,35.88,80.05
2020-10-12 23:00:00 UTC,6094.71,1926.56,483.22,59.43,15.18,11.31,28.54,63.46,
2020-10-12 00:00:00 UTC,3748.07,1179.26,252.74,33.29,7.32,5.35,21.02,43.16
2020-10-12 01:00:00 UTC,2572.85,808.31,168.22,19.74,4.66,3.39,14.96,28.88
2020-10-12 02:00:00 UTC,1717.96,539.87,108.97,12.22,2.98,2.18,9.65,18.58
2020-10-12 03:00:00 UTC,1221.29,383.57,74.31,6.62,1.85,1.27,6.62,12.29
2020-10-12 04:00:00 UTC,905.95,283.88,53.67,4.87,1.16,0.86,4.66,8.68
2020-10-12 05:00:00 UTC,18065.16,5797.51,1774.68,231.69,76.28,56.38,74.49,190.54
2020-10-12 06:00:00 UTC,38598.88,12383.51,3789.30,475.33,163.13,122.06,156.57,397.20
2020-10-12 07:00:00 UTC,22958.97,7311.12,2012.74,248.01,84.83,63.91,92.67,218.48
2020-10-12 08:00:00 UTC,12369.47,3921.43,1020.29,132.11,40.71,30.38,48.83,112.48
2020-10-12 09:00:00 UTC,6586.34,2082.87,523.80,72.15,20.03,14.83,29.58,67.37
2020-10-12 10:00:00 UTC,3779.92,1193.28,295.90,43.34,11.04,8.22,20.76,47.54
2020-10-12 11:00:00 UTC,2772.62,875.43,210.89,29.98,7.09,5.09,15.87,35.14
2020-10-12 12:00:00 UTC,9778.93,3111.74,816.20,96.00,26.57,18.89,43.56,97.68
2020-10-12 13:00:00 UTC,45252.86,14539.96,4348.86,443.25,125.30,91.19,187.51,429.32
2020-10-12 14:00:00 UTC,32709.00,10437.63,2805.83,282.44,79.16,57.91,135.11,289.50
2020-10-12 15:00:00 UTC,23952.42,7610.67,1917.75,190.38,53.02,38.50,98.82,203.24
2020-10-12 16:00:00 UTC,16782.72,5326.35,1276.45,121.57,30.71,22.91,68.59,135.14
2020-10-12 17:00:00 UTC,40624.81,13077.73,4381.34,557.76,192.63,142.52,163.62,446.18
2020-10-12 18:00:00 UTC,41358.52,13288.76,4298.55,537.46,181.90,135.08,166.61,440.08
2020-10-12 19:00:00 UTC,28171.59,8990.36,2596.21,310.95,102.19,76.74,113.77,273.40
2020-10-12 20:00:00 UTC,19567.21,6226.66,1677.59,197.33,61.03,45.06,79.04,179.18
2020-10-12 21:00:00 UTC,13012.39,4127.73,1075.05,127.86,37.29,27.52,51.97,115.51
2020-10-12 22:00:00 UTC,8856.26,2807.62,717.62,87.04,23.68,17.71,35.88,80.05
2020-10-12 23:00:00 UTC,6094.71,1926.56,483.22,59.43,15.18,11.31,28.54,63.46
2020-10-13 00:00:00 UTC,4169.52,1319.58,332.28,43.52,9.90,7.13,22.45,50.02
2020-10-13 01:00:00 UTC,2800.18,884.34,220.06,29.91,6.85,5.13,16.16,35.75
2020-10-13 02:00:00 UTC,1917.42,606.10,148.30,18.90,4.45,3.25,10.74,23.76
2020-10-13 03:00:00 UTC,1298.92,410.05,99.83,11.87,3.20,2.29,6.96,15.69
2020-10-13 04:00:00 UTC,891.63,282.10,68.42,7.87,2.26,1.66,4.56,10.41
2020-10-13 05:00:00 UTC,585.99,185.28,43.20,4.74,1.55,1.20,2.65,6.46
2020-10-13 06:00:00 UTC,14387.73,4560.27,1053.48,113.82,34.44,25.23,59.31,118.93
2020-10-13 07:00:00 UTC,9272.01,2930.84,654.32,78.31,22.08,16.55,38.26,79.11
2020-10-13 08:00:00 UTC,4165.61,1313.63,285.80,38.00,9.48,7.04,22.21,46.53
2020-10-13 09:00:00 UTC,5127.10,1622.79,357.51,44.33,10.77,7.73,25.00,51.22
2020-10-13 10:00:00 UTC,2608.36,826.49,183.67,25.71,6.30,4.69,14.96,31.33
2020-10-13 11:00:00 UTC,587.72,184.63,34.31,4.35,1.46,1.21,2.67,5.85
2020-10-13 12:00:00 UTC,389.10,122.41,20.14,2.65,0.95,0.68,1.48,3.38
2020-10-13 13:00:00 UTC,250.25,77.40,13.87,2.20,0.73,0.59,0.59,2.00
2020-10-13 14:00:00 UTC,261.96,81.52,13.01,1.97,1.03,0.81,0.69,2.16
2020-10-13 15:00:00 UTC,285.31,88.87,14.92,2.33,0.99,0.69,0.80,2.42
2020-10-13 16:00:00 UTC,280.61,87.56,13.20,1.85,0.76,0.58,0.71,1.95
2020-10-13 17:00:00 UTC,16081.05,5205.65,1943.41,292.21,106.28,79.78,62.76,203.26
2020-10-13 18:00:00 UTC,43514.51,14027.10,4978.82,708.93,253.13,188.86,172.07,516.79
2020-10-13 19:00:00 UTC,23883.24,7620.36,2269.88,305.05,106.32,79.71,95.34,245.09
2020-10-13 20:00:00 UTC,13498.17,4289.42,1179.18,158.04,50.55,37.53,53.41,129.26
2020-10-13 21:00:00 UTC,8550.27,2712.03,727.86,99.09,29.34,21.84,34.75,81.95
2020-10-13 22:00:00 UTC,5266.44,1666.92,437.04,61.58,16.42,12.11,25.98,60.22
2020-10-13 23:00:00 UTC,3391.80,1073.60,275.29,38.43,9.58,7.16,19.23,44.02,
2020-10-13 00:00:00 UTC,4169.52,1319.58,332.28,43.52,9.90,7.13,22.45,50.02
2020-10-13 01:00:00 UTC,2800.18,884.34,220.06,29.91,6.85,5.13,16.16,35.75
2020-10-13 02:00:00 UTC,1917.42,606.10,148.30,18.90,4.45,3.25,10.74,23.76
2020-10-13 03:00:00 UTC,1298.92,410.05,99.83,11.87,3.20,2.29,6.96,15.69
2020-10-13 04:00:00 UTC,891.63,282.10,68.42,7.87,2.26,1.66,4.56,10.41
2020-10-13 05:00:00 UTC,585.99,185.28,43.20,4.74,1.55,1.20,2.65,6.46
2020-10-13 06:00:00 UTC,14387.73,4560.27,1053.48,113.82,34.44,25.23,59.31,118.93
2020-10-13 07:00:00 UTC,9272.01,2930.84,654.32,78.31,22.08,16.55,38.26,79.11
2020-10-13 08:00:00 UTC,4165.61,1313.63,285.80,38.00,9.48,7.04,22.21,46.53
2020-10-13 09:00:00 UTC,5127.10,1622.79,357.51,44.33,10.77,7.73,25.00,51.22
2020-10-13 10:00:00 UTC,2608.36,826.49,183.67,25.71,6.30,4.69,14.96,31.33
2020-10-13 11:00:00 UTC,587.72,184.63,34.31,4.35,1.46,1.21,2.67,5.85
2020-10-13 12:00:00 UTC,389.10,122.41,20.14,2.65,0.95,0.68,1.48,3.38
2020-10-13 13:00:00 UTC,250.25,77.40,13.87,2.20,0.73,0.59,0.59,2.00
2020-10-13 14:00:00 UTC,261.96,81.52,13.01,1.97,1.03,0.81,0.69,2.16
2020-10-13 15:00:00 UTC,285.31,88.87,14.92,2.33,0.99,0.69,0.80,2.42
2020-10-13 16:00:00 UTC,280.61,87.56,13.20,1.85,0.76,0.58,0.71,1.95
2020-10-13 17:00:00 UTC,16081.05,5205.65,1943.41,292.21,106.28,79.78,62.76,203.26
2020-10-13 18:00:00 UTC,43514.51,14027.10,4978.82,708.93,253.13,188.86,172.07,516.79
2020-10-13 19:00:00 UTC,23883.24,7620.36,2269.88,305.05,106.32,79.71,95.34,245.09
2020-10-13 20:00:00 UTC,13498.17,4289.42,1179.18,158.04,50.55,37.53,53.41,129.26
2020-10-13 21:00:00 UTC,8550.27,2712.03,727.86,99.09,29.34,21.84,34.75,81.95
2020-10-13 22:00:00 UTC,5266.44,1666.92,437.04,61.58,16.42,12.11,25.98,60.22
2020-10-13 23:00:00 UTC,3391.80,1073.60,275.29,38.43,9.58,7.16,19.23,44.02
2020-10-14 00:00:00 UTC,2328.08,735.90,184.84,25.63,6.73,4.85,13.24,30.36
2020-10-14 01:00:00 UTC,1611.11,508.81,120.22,15.91,3.86,2.88,8.91,19.64
2020-10-14 02:00:00 UTC,1203.17,379.68,83.23,10.06,2.64,1.85,6.46,13.63
2020-10-14 03:00:00 UTC,951.72,299.07,60.66,6.03,1.64,1.24,5.00,9.78
2020-10-14 04:00:00 UTC,803.87,253.18,48.91,4.59,1.43,0.96,4.07,7.93
2020-10-14 05:00:00 UTC,716.76,224.59,41.75,4.46,1.09,0.83,3.50,6.87
2020-10-14 06:00:00 UTC,19844.51,6294.28,1469.95,149.16,42.44,30.64,81.76,161.40
2020-10-14 07:00:00 UTC,12710.87,4021.26,902.98,97.42,26.71,19.74,51.38,101.19
2020-10-14 08:00:00 UTC,8128.42,2568.79,568.01,66.02,15.90,11.76,34.25,71.15
2020-10-14 09:00:00 UTC,5636.11,1778.32,387.40,46.37,10.52,8.02,27.22,56.97
2020-10-14 10:00:00 UTC,3316.15,1044.52,221.27,28.03,6.04,4.48,18.81,37.63
2020-10-14 11:00:00 UTC,2355.27,743.68,165.75,22.93,6.04,4.32,13.44,28.48
2020-10-14 12:00:00 UTC,1304.83,410.71,85.09,10.64,3.28,2.32,7.08,14.65
2020-10-14 13:00:00 UTC,1096.18,345.35,66.85,7.80,2.18,1.62,5.82,11.49
2020-10-14 14:00:00 UTC,2334.12,735.50,161.04,25.48,8.14,6.21,13.22,29.64
2020-10-14 15:00:00 UTC,830.25,260.63,55.89,8.02,2.88,2.29,4.09,9.77
2020-10-14 16:00:00 UTC,343.26,107.37,20.93,2.92,1.07,0.82,1.18,3.23
2020-10-14 17:00:00 UTC,6825.55,2223.37,879.35,120.98,40.99,30.73,27.01,87.99
2020-10-14 18:00:00 UTC,41579.91,13377.13,4487.56,575.79,191.55,141.72,168.50,461.55
2020-10-14 19:00:00 UTC,23584.63,7522.98,2185.39,272.14,89.75,66.80,95.32,233.93
2020-10-14 20:00:00 UTC,12999.03,4127.89,1117.29,139.71,41.47,30.81,51.70,120.91
2020-10-14 21:00:00 UTC,6467.80,2047.76,535.24,68.63,17.74,13.44,29.34,67.06
2020-10-14 22:00:00 UTC,3431.17,1087.17,279.56,39.50,9.53,7.18,19.20,44.06
2020-10-14 23:00:00 UTC,1743.65,551.40,140.41,20.57,5.12,3.81,9.61,22.87,
2020-10-14 00:00:00 UTC,2328.08,735.90,184.84,25.63,6.73,4.85,13.24,30.36
2020-10-14 01:00:00 UTC,1611.11,508.81,120.22,15.91,3.86,2.88,8.91,19.64
2020-10-14 02:00:00 UTC,1203.17,379.68,83.23,10.06,2.64,1.85,6.46,13.63
2020-10-14 03:00:00 UTC,951.72,299.07,60.66,6.03,1.64,1.24,5.00,9.78
2020-10-14 04:00:00 UTC,803.87,253.18,48.91,4.59,1.43,0.96,4.07,7.93
2020-10-14 05:00:00 UTC,716.76,224.59,41.75,4.46,1.09,0.83,3.50,6.87
2020-10-14 06:00:00 UTC,19844.51,6294.28,1469.95,149.16,42.44,30.64,81.76,161.40
2020-10-14 07:00:00 UTC,12710.87,4021.26,902.98,97.42,26.71,19.74,51.38,101.19
2020-10-14 08:00:00 UTC,8128.42,2568.79,568.01,66.02,15.90,11.76,34.25,71.15
2020-10-14 09:00:00 UTC,5636.11,1778.32,387.40,46.37,10.52,8.02,27.22,56.97
2020-10-14 10:00:00 UTC,3316.15,1044.52,221.27,28.03,6.04,4.48,18.81,37.63
2020-10-14 11:00:00 UTC,2355.27,743.68,165.75,22.93,6.04,4.32,13.44,28.48
2020-10-14 12:00:00 UTC,1304.83,410.71,85.09,10.64,3.28,2.32,7.08,14.65
2020-10-14 13:00:00 UTC,1096.18,345.35,66.85,7.80,2.18,1.62,5.82,11.49
2020-10-14 14:00:00 UTC,2334.12,735.50,161.04,25.48,8.14,6.21,13.22,29.64
2020-10-14 15:00:00 UTC,830.25,260.63,55.89,8.02,2.88,2.29,4.09,9.77
2020-10-14 16:00:00 UTC,343.26,107.37,20.93,2.92,1.07,0.82,1.18,3.23
2020-10-14 17:00:00 UTC,6825.55,2223.37,879.35,120.98,40.99,30.73,27.01,87.99
2020-10-14 18:00:00 UTC,41579.91,13377.13,4487.56,575.79,191.55,141.72,168.50,461.55
2020-10-14 19:00:00 UTC,23584.63,7522.98,2185.39,272.14,89.75,66.80,95.32,233.93
2020-10-14 20:00:00 UTC,12999.03,4127.89,1117.29,139.71,41.47,30.81,51.70,120.91
2020-10-14 21:00:00 UTC,6467.80,2047.76,535.24,68.63,17.74,13.44,29.34,67.06
2020-10-14 22:00:00 UTC,3431.17,1087.17,279.56,39.50,9.53,7.18,19.20,44.06
2020-10-14 23:00:00 UTC,1743.65,551.40,140.41,20.57,5.12,3.81,9.61,22.87
2020-10-15 00:00:00 UTC,897.94,284.15,68.27,8.97,2.81,2.09,4.57,10.96
2020-10-15 01:00:00 UTC,508.55,161.14,39.01,4.48,1.48,0.97,2.16,5.63
2020-10-15 02:00:00 UTC,300.18,94.22,22.81,2.95,1.14,0.88,0.92,3.11
2020-10-15 03:00:00 UTC,208.66,65.59,15.83,2.61,1.07,0.77,0.27,2.13
2020-10-15 04:00:00 UTC,161.62,50.51,11.66,2.03,0.83,0.66,0.06,1.48
2020-10-15 05:00:00 UTC,137.79,42.86,9.49,1.60,0.72,0.58,0.01,1.07
2020-10-15 06:00:00 UTC,11447.62,3650.97,1010.29,123.27,41.98,31.70,46.60,109.51
2020-10-15 07:00:00 UTC,13616.46,4325.49,1139.73,137.90,44.45,33.16,54.54,123.76
2020-10-15 08:00:00 UTC,6363.49,2014.07,512.68,67.31,19.34,14.40,28.94,65.74
2020-10-15 09:00:00 UTC,3212.68,1017.63,253.64,35.39,8.68,6.61,18.03,40.80
2020-10-15 10:00:00 UTC,1680.24,531.71,132.70,19.31,4.50,3.24,9.33,21.55
2020-10-15 11:00:00 UTC,911.45,287.08,66.52,8.91,2.92,2.13,4.55,10.97
2020-10-15 12:00:00 UTC,757.67,239.25,58.32,8.16,2.96,2.38,3.65,9.47
2020-10-15 13:00:00 UTC,471.10,147.73,32.72,4.40,1.56,1.18,1.90,5.08
2020-10-15 14:00:00 UTC,298.14,93.73,19.01,2.53,0.78,0.58,0.91,2.62
2020-10-15 15:00:00 UTC,208.14,64.98,11.61,1.44,0.41,0.27,0.33,1.36
2020-10-15 16:00:00 UTC,169.15,52.97,8.72,1.09,0.49,0.41,0.08,0.88
2020-10-15 17:00:00 UTC,5468.79,1748.82,522.31,66.73,23.91,17.81,21.82,56.18
2020-10-15 18:00:00 UTC,44960.29,14495.88,4976.60,625.06,214.43,159.34,181.01,500.18
2020-10-15 19:00:00 UTC,21612.16,6885.16,1953.86,232.08,74.54,54.77,87.05,205.58
2020-10-15 20:00:00 UTC,9784.81,3104.22,814.14,100.10,29.40,21.67,39.79,90.09
2020-10-15 21:00:00 UTC,4498.40,1424.31,368.90,49.38,12.62,9.49,23.40,53.38
2020-10-15 22:00:00 UTC,2520.36,796.27,199.84,27.81,6.84,5.26,14.44,32.71
2020-10-15 23:00:00 UTC,1678.10,530.89,133.24,17.58,4.36,3.32,9.29,21.30,
2020-10-15 00:00:00 UTC,897.94,284.15,68.27,8.97,2.81,2.09,4.57,10.96
2020-10-15 01:00:00 UTC,508.55,161.14,39.01,4.48,1.48,0.97,2.16,5.63
2020-10-15 02:00:00 UTC,300.18,94.22,22.81,2.95,1.14,0.88,0.92,3.11
2020-10-15 03:00:00 UTC,208.66,65.59,15.83,2.61,1.07,0.77,0.27,2.13
2020-10-15 04:00:00 UTC,161.62,50.51,11.66,2.03,0.83,0.66,0.06,1.48
2020-10-15 05:00:00 UTC,137.79,42.86,9.49,1.60,0.72,0.58,0.01,1.07
2020-10-15 06:00:00 UTC,11447.62,3650.97,1010.29,123.27,41.98,31.70,46.60,109.51
2020-10-15 07:00:00 UTC,13616.46,4325.49,1139.73,137.90,44.45,33.16,54.54,123.76
2020-10-15 08:00:00 UTC,6363.49,2014.07,512.68,67.31,19.34,14.40,28.94,65.74
2020-10-15 09:00:00 UTC,3212.68,1017.63,253.64,35.39,8.68,6.61,18.03,40.80
2020-10-15 10:00:00 UTC,1680.24,531.71,132.70,19.31,4.50,3.24,9.33,21.55
2020-10-15 11:00:00 UTC,911.45,287.08,66.52,8.91,2.92,2.13,4.55,10.97
2020-10-15 12:00:00 UTC,757.67,239.25,58.32,8.16,2.96,2.38,3.65,9.47
2020-10-15 13:00:00 UTC,471.10,147.73,32.72,4.40,1.56,1.18,1.90,5.08
2020-10-15 14:00:00 UTC,298.14,93.73,19.01,2.53,0.78,0.58,0.91,2.62
2020-10-15 15:00:00 UTC,208.14,64.98,11.61,1.44,0.41,0.27,0.33,1.36
2020-10-15 16:00:00 UTC,169.15,52.97,8.72,1.09,0.49,0.41,0.08,0.88
2020-10-15 17:00:00 UTC,5468.79,1748.82,522.31,66.73,23.91,17.81,21.82,56.18
2020-10-15 18:00:00 UTC,44960.29,14495.88,4976.60,625.06,214.43,159.34,181.01,500.18
2020-10-15 19:00:00 UTC,21612.16,6885.16,1953.86,232.08,74.54,54.77,87.05,205.58
2020-10-15 20:00:00 UTC,9784.81,3104.22,814.14,100.10,29.40,21.67,39.79,90.09
2020-10-15 21:00:00 UTC,4498.40,1424.31,368.90,49.38,12.62,9.49,23.40,53.38
2020-10-15 22:00:00 UTC,2520.36,796.27,199.84,27.81,6.84,5.26,14.44,32.71
2020-10-15 23:00:00 UTC,1678.10,530.89,133.24,17.58,4.36,3.32,9.29,21.30
2020-10-16 00:00:00 UTC,1153.05,365.01,90.42,10.93,3.19,2.42,6.12,14.09
2020-10-16 01:00:00 UTC,837.39,264.97,61.60,6.97,2.04,1.38,4.23,9.49
2020-10-16 02:00:00 UTC,655.34,206.69,49.00,4.76,1.31,0.96,3.11,7.00
2020-10-16 03:00:00 UTC,515.64,162.57,36.70,4.02,1.02,0.82,2.23,5.32
2020-10-16 04:00:00 UTC,401.96,126.30,28.82,3.04,0.73,0.61,1.50,3.91
2020-10-16 05:00:00 UTC,321.28,100.94,21.50,2.53,0.81,0.58,1.03,2.93
2020-10-16 06:00:00 UTC,1543.44,485.83,103.73,12.53,3.01,2.26,7.69,16.49
2020-10-16 07:00:00 UTC,3619.23,1140.03,241.35,28.11,6.59,4.74,20.44,40.65
2020-10-16 08:00:00 UTC,1676.55,526.70,109.46,12.24,3.30,2.40,9.24,18.36
2020-10-16 09:00:00 UTC,616.46,192.67,36.19,4.21,1.65,1.27,2.77,6.15
2020-10-16 10:00:00 UTC,936.98,294.13,60.36,8.90,3.18,2.32,4.78,10.87
2020-10-16 11:00:00 UTC,655.01,205.51,32.79,3.72,1.47,1.07,3.13,6.00
2020-10-16 12:00:00 UTC,587.90,183.96,28.20,2.75,1.12,0.77,2.68,5.03
2020-10-16 13:00:00 UTC,609.49,191.19,33.69,3.81,1.26,0.91,2.76,5.65
2020-10-16 14:00:00 UTC,421.99,131.52,22.19,2.51,0.95,0.73,1.61,3.63
2020-10-16 15:00:00 UTC,445.49,139.78,25.53,3.08,1.07,0.88,1.75,4.12
2020-10-16 16:00:00 UTC,3082.47,979.25,213.01,12.51,2.18,1.52,12.92,22.44
2020-10-16 17:00:00 UTC,41511.02,13326.75,3469.82,189.07,35.58,22.72,180.24,322.98
2020-10-16 18:00:00 UTC,50884.76,16429.83,5386.63,562.87,172.42,126.82,210.91,517.79
2020-10-16 19:00:00 UTC,33228.90,10631.29,3027.32,336.58,109.21,79.97,136.44,314.43
2020-10-16 20:00:00 UTC,18479.24,5875.23,1505.43,174.22,55.78,41.76,75.06,164.69
2020-10-16 21:00:00 UTC,10800.56,3421.75,833.69,101.75,29.69,22.10,43.13,93.05
2020-10-16 22:00:00 UTC,7561.51,2389.04,568.74,70.80,19.20,14.33,32.29,70.92
2020-10-16 23:00:00 UTC,5549.28,1751.78,413.24,54.65,13.82,10.02,27.12,59.41,
2020-10-16 00:00:00 UTC,1153.05,365.01,90.42,10.93,3.19,2.42,6.12,14.09
2020-10-16 01:00:00 UTC,837.39,264.97,61.60,6.97,2.04,1.38,4.23,9.49
2020-10-16 02:00:00 UTC,655.34,206.69,49.00,4.76,1.31,0.96,3.11,7.00
2020-10-16 03:00:00 UTC,515.64,162.57,36.70,4.02,1.02,0.82,2.23,5.32
2020-10-16 04:00:00 UTC,401.96,126.30,28.82,3.04,0.73,0.61,1.50,3.91
2020-10-16 05:00:00 UTC,321.28,100.94,21.50,2.53,0.81,0.58,1.03,2.93
2020-10-16 06:00:00 UTC,1543.44,485.83,103.73,12.53,3.01,2.26,7.69,16.49
2020-10-16 07:00:00 UTC,3619.23,1140.03,241.35,28.11,6.59,4.74,20.44,40.65
2020-10-16 08:00:00 UTC,1676.55,526.70,109.46,12.24,3.30,2.40,9.24,18.36
2020-10-16 09:00:00 UTC,616.46,192.67,36.19,4.21,1.65,1.27,2.77,6.15
2020-10-16 10:00:00 UTC,936.98,294.13,60.36,8.90,3.18,2.32,4.78,10.87
2020-10-16 11:00:00 UTC,655.01,205.51,32.79,3.72,1.47,1.07,3.13,6.00
2020-10-16 12:00:00 UTC,587.90,183.96,28.20,2.75,1.12,0.77,2.68,5.03
2020-10-16 13:00:00 UTC,609.49,191.19,33.69,3.81,1.26,0.91,2.76,5.65
2020-10-16 14:00:00 UTC,421.99,131.52,22.19,2.51,0.95,0.73,1.61,3.63
2020-10-16 15:00:00 UTC,445.49,139.78,25.53,3.08,1.07,0.88,1.75,4.12
2020-10-16 16:00:00 UTC,3082.47,979.25,213.01,12.51,2.18,1.52,12.92,22.44
2020-10-16 17:00:00 UTC,41511.02,13326.75,3469.82,189.07,35.58,22.72,180.24,322.98
2020-10-16 18:00:00 UTC,50884.76,16429.83,5386.63,562.87,172.42,126.82,210.91,517.79
2020-10-16 19:00:00 UTC,33228.90,10631.29,3027.32,336.58,109.21,79.97,136.44,314.43
2020-10-16 20:00:00 UTC,18479.24,5875.23,1505.43,174.22,55.78,41.76,75.06,164.69
2020-10-16 21:00:00 UTC,10800.56,3421.75,833.69,101.75,29.69,22.10,43.13,93.05
2020-10-16 22:00:00 UTC,7561.51,2389.04,568.74,70.80,19.20,14.33,32.29,70.92
2020-10-16 23:00:00 UTC,5549.28,1751.78,413.24,54.65,13.82,10.02,27.12,59.41
2020-10-17 00:00:00 UTC,4192.38,1323.04,310.32,41.12,9.76,7.17,22.60,49.30
2020-10-17 01:00:00 UTC,3159.75,997.33,232.21,31.94,6.61,4.84,18.25,38.74
2020-10-17 02:00:00 UTC,2430.82,766.82,176.20,22.39,5.33,4.10,14.08,29.34
2020-10-17 03:00:00 UTC,1865.76,588.23,134.27,15.16,3.75,2.66,10.54,21.64
2020-10-17 04:00:00 UTC,1464.78,462.42,103.00,11.70,2.57,1.84,8.03,16.56
2020-10-17 05:00:00 UTC,1091.50,343.75,77.18,8.54,2.31,1.72,5.76,12.23
2020-10-17 06:00:00 UTC,1004.96,317.34,65.24,6.73,1.94,1.37,5.06,10.40
2020-10-17 07:00:00 UTC,5067.54,1597.58,306.44,32.15,5.94,4.31,25.96,50.11
2020-10-17 08:00:00 UTC,3750.29,1181.95,238.75,26.64,5.09,3.67,21.09,40.59
2020-10-17 09:00:00 UTC,2386.50,752.09,152.14,16.09,3.81,2.77,13.87,25.74
2020-10-17 10:00:00 UTC,921.00,290.78,59.20,4.63,0.92,0.77,4.82,8.99
2020-10-17 11:00:00 UTC,537.82,169.51,34.20,2.70,0.70,0.58,2.46,4.91
2020-10-17 12:00:00 UTC,364.91,114.97,21.83,1.83,0.62,0.45,1.38,3.01
2020-10-17 13:00:00 UTC,796.61,250.55,44.43,3.45,0.86,0.58,4.13,7.16
2020-10-17 14:00:00 UTC,1588.44,497.81,82.66,6.96,1.28,0.86,9.08,14.63
2020-10-17 15:00:00 UTC,644.14,202.39,37.45,3.05,0.88,0.70,3.06,5.77
2020-10-17 16:00:00 UTC,434.84,136.73,25.24,2.50,0.73,0.63,1.55,3.55
2020-10-17 17:00:00 UTC,4596.65,1453.79,311.51,37.66,10.58,7.76,19.40,39.56
2020-10-17 18:00:00 UTC,47545.77,16262.30,7360.60,1119.45,390.22,288.67,189.00,724.18
2020-10-17 19:00:00 UTC,49810.94,16100.55,5812.45,750.87,253.84,186.59,199.37,577.50
2020-10-17 20:00:00 UTC,37377.53,11981.17,3645.78,430.37,143.94,108.24,152.65,376.16
2020-10-17 21:00:00 UTC,23567.57,7515.10,2071.49,237.19,75.96,56.06,95.97,219.22
2020-10-17 22:00:00 UTC,15110.39,4799.89,1259.49,144.34,42.32,31.19,60.97,134.28
2020-10-17 23:00:00 UTC,9395.20,2978.16,749.23,88.01,23.75,17.83,38.09,83.04,
2020-10-17 00:00:00 UTC,4192.38,1323.04,310.32,41.12,9.76,7.17,22.60,49.30
2020-10-17 01:00:00 UTC,3159.75,997.33,232.21,31.94,6.61,4.84,18.25,38.74
2020-10-17 02:00:00 UTC,2430.82,766.82,176.20,22.39,5.33,4.10,14.08,29.34
2020-10-17 03:00:00 UTC,1865.76,588.23,134.27,15.16,3.75,2.66,10.54,21.64
2020-10-17 04:00:00 UTC,1464.78,462.42,103.00,11.70,2.57,1.84,8.03,16.56
2020-10-17 05:00:00 UTC,1091.50,343.75,77.18,8.54,2.31,1.72,5.76,12.23
2020-10-17 06:00:00 UTC,1004.96,317.34,65.24,6.73,1.94,1.37,5.06,10.40
2020-10-17 07:00:00 UTC,5067.54,1597.58,306.44,32.15,5.94,4.31,25.96,50.11
2020-10-17 08:00:00 UTC,3750.29,1181.95,238.75,26.64,5.09,3.67,21.09,40.59
2020-10-17 09:00:00 UTC,2386.50,752.09,152.14,16.09,3.81,2.77,13.87,25.74
2020-10-17 10:00:00 UTC,921.00,290.78,59.20,4.63,0.92,0.77,4.82,8.99
2020-10-17 11:00:00 UTC,537.82,169.51,34.20,2.70,0.70,0.58,2.46,4.91
2020-10-17 12:00:00 UTC,364.91,114.97,21.83,1.83,0.62,0.45,1.38,3.01
2020-10-17 13:00:00 UTC,796.61,250.55,44.43,3.45,0.86,0.58,4.13,7.16
2020-10-17 14:00:00 UTC,1588.44,497.81,82.66,6.96,1.28,0.86,9.08,14.63
2020-10-17 15:00:00 UTC,644.14,202.39,37.45,3.05,0.88,0.70,3.06,5.77
2020-10-17 16:00:00 UTC,434.84,136.73,25.24,2.50,0.73,0.63,1.55,3.55
2020-10-17 17:00:00 UTC,4596.65,1453.79,311.51,37.66,10.58,7.76,19.40,39.56
2020-10-17 18:00:00 UTC,47545.77,16262.30,7360.60,1119.45,390.22,288.67,189.00,724.18
2020-10-17 19:00:00 UTC,49810.94,16100.55,5812.45,750.87,253.84,186.59,199.37,577.50
2020-10-17 20:00:00 UTC,37377.53,11981.17,3645.78,430.37,143.94,108.24,152.65,376.16
2020-10-17 21:00:00 UTC,23567.57,7515.10,2071.49,237.19,75.96,56.06,95.97,219.22
2020-10-17 22:00:00 UTC,15110.39,4799.89,1259.49,144.34,42.32,31.19,60.97,134.28
2020-10-17 23:00:00 UTC,9395.20,2978.16,749.23,88.01,23.75,17.83,38.09,83.04
2020-10-18 00:00:00 UTC,5800.06,1834.89,448.79,55.84,13.35,9.58,27.82,60.92
2020-10-18 01:00:00 UTC,3794.08,1199.82,289.17,34.68,8.14,6.24,21.15,45.30
2020-10-18 02:00:00 UTC,2633.72,831.59,192.75,24.10,5.32,3.83,15.35,31.61
2020-10-18 03:00:00 UTC,1948.37,615.77,138.11,15.96,3.63,2.83,11.22,22.48
2020-10-18 04:00:00 UTC,1535.18,484.21,102.00,10.80,2.37,1.64,8.67,16.60
2020-10-18 05:00:00 UTC,1279.83,403.42,81.82,6.52,1.67,1.16,7.12,12.99
2020-10-18 06:00:00 UTC,1381.30,434.41,80.93,8.11,2.01,1.36,7.51,13.79
2020-10-18 07:00:00 UTC,1214.21,381.34,71.31,6.72,2.02,1.50,6.54,12.08
2020-10-18 08:00:00 UTC,858.11,268.84,46.33,4.15,1.33,1.00,4.32,7.83
2020-10-18 09:00:00 UTC,1275.24,400.37,71.57,7.50,1.90,1.43,6.98,12.58
2020-10-18 10:00:00 UTC,799.45,250.58,43.40,4.24,1.17,0.84,4.01,7.37
2020-10-18 11:00:00 UTC,594.79,186.10,32.85,3.08,0.77,0.55,2.61,5.08
2020-10-18 12:00:00 UTC,12479.69,3960.67,999.33,128.44,41.65,32.02,50.19,113.16
2020-10-18 13:00:00 UTC,7190.60,2274.79,542.46,74.72,21.82,16.30,31.06,69.67
2020-10-18 14:00:00 UTC,3344.20,1055.55,248.74,36.84,9.99,7.66,18.56,41.65
2020-10-18 15:00:00 UTC,1816.37,571.73,120.41,16.21,4.53,3.37,10.14,21.13
2020-10-18 16:00:00 UTC,1106.55,347.65,64.91,7.04,2.17,1.54,5.76,11.15
2020-10-18 17:00:00 UTC,897.58,281.12,47.96,4.53,1.16,0.81,4.58,8.14
2020-10-18 18:00:00 UTC,6962.40,2207.35,554.36,70.20,22.83,16.97,29.44,65.63
2020-10-18 19:00:00 UTC,19663.25,6238.26,1543.67,175.45,58.63,43.98,80.00,171.29
2020-10-18 20:00:00 UTC,10056.75,3180.17,744.94,86.39,24.76,18.87,42.66,89.07
2020-10-18 21:00:00 UTC,2900.46,915.38,192.84,24.45,5.46,3.98,16.85,33.20
2020-10-18 22:00:00 UTC,2044.14,642.51,123.57,13.02,3.06,2.21,11.79,21.43
2020-10-18 23:00:00 UTC,1699.32,532.73,96.30,9.01,1.89,1.32,9.70,16.66,
2020-10-18 00:00:00 UTC,5800.06,1834.89,448.79,55.84,13.35,9.58,27.82,60.92
2020-10-18 01:00:00 UTC,3794.08,1199.82,289.17,34.68,8.14,6.24,21.15,45.30
2020-10-18 02:00:00 UTC,2633.72,831.59,192.75,24.10,5.32,3.83,15.35,31.61
2020-10-18 03:00:00 UTC,1948.37,615.77,138.11,15.96,3.63,2.83,11.22,22.48
2020-10-18 04:00:00 UTC,1535.18,484.21,102.00,10.80,2.37,1.64,8.67,16.60
2020-10-18 05:00:00 UTC,1279.83,403.42,81.82,6.52,1.67,1.16,7.12,12.99
2020-10-18 06:00:00 UTC,1381.30,434.41,80.93,8.11,2.01,1.36,7.51,13.79
2020-10-18 07:00:00 UTC,1214.21,381.34,71.31,6.72,2.02,1.50,6.54,12.08
2020-10-18 08:00:00 UTC,858.11,268.84,46.33,4.15,1.33,1.00,4.32,7.83
2020-10-18 09:00:00 UTC,1275.24,400.37,71.57,7.50,1.90,1.43,6.98,12.58
2020-10-18 10:00:00 UTC,799.45,250.58,43.40,4.24,1.17,0.84,4.01,7.37
2020-10-18 11:00:00 UTC,594.79,186.10,32.85,3.08,0.77,0.55,2.61,5.08
2020-10-18 12:00:00 UTC,12479.69,3960.67,999.33,128.44,41.65,32.02,50.19,113.16
2020-10-18 13:00:00 UTC,7190.60,2274.79,542.46,74.72,21.82,16.30,31.06,69.67
2020-10-18 14:00:00 UTC,3344.20,1055.55,248.74,36.84,9.99,7.66,18.56,41.65
2020-10-18 15:00:00 UTC,1816.37,571.73,120.41,16.21,4.53,3.37,10.14,21.13
2020-10-18 16:00:00 UTC,1106.55,347.65,64.91,7.04,2.17,1.54,5.76,11.15
2020-10-18 17:00:00 UTC,897.58,281.12,47.96,4.53,1.16,0.81,4.58,8.14
2020-10-18 18:00:00 UTC,6962.40,2207.35,554.36,70.20,22.83,16.97,29.44,65.63
2020-10-18 19:00:00 UTC,19663.25,6238.26,1543.67,175.45,58.63,43.98,80.00,171.29
2020-10-18 20:00:00 UTC,10056.75,3180.17,744.94,86.39,24.76,18.87,42.66,89.07
2020-10-18 21:00:00 UTC,2900.46,915.38,192.84,24.45,5.46,3.98,16.85,33.20
2020-10-18 22:00:00 UTC,2044.14,642.51,123.57,13.02,3.06,2.21,11.79,21.43
2020-10-18 23:00:00 UTC,1699.32,532.73,96.30,9.01,1.89,1.32,9.70,16.66
2020-10-19 00:00:00 UTC,1508.34,473.05,81.22,6.97,1.80,1.33,8.56,14.40
2020-10-19 01:00:00 UTC,1431.40,448.34,74.90,6.95,1.52,1.05,8.06,13.45
2020-10-19 02:00:00 UTC,1366.09,428.96,71.36,6.19,1.38,0.95,7.71,12.72
2020-10-19 03:00:00 UTC,1283.99,404.13,70.86,6.03,1.54,1.01,7.19,12.26
2020-10-19 04:00:00 UTC,1268.18,397.92,70.57,5.42,1.02,0.73,7.08,11.84
2020-10-19 05:00:00 UTC,2782.02,875.16,177.33,18.50,4.14,2.96,13.40,25.51
2020-10-19 06:00:00 UTC,7984.40,2515.66,518.46,54.45,11.68,8.31,33.54,67.78
2020-10-19 07:00:00 UTC,4669.74,1471.56,301.08,33.51,6.78,4.82,24.32,48.22
2020-10-19 08:00:00 UTC,2714.36,854.61,168.56,17.38,3.84,2.77,15.89,28.81
2020-10-19 09:00:00 UTC,2562.69,806.36,173.08,20.21,5.40,4.09,14.46,28.80
2020-10-19 10:00:00 UTC,3179.66,1004.66,240.59,36.04,9.65,7.37,18.21,41.01
2020-10-19 11:00:00 UTC,2753.60,868.15,179.56,23.61,5.59,4.22,15.88,31.53
2020-10-19 12:00:00 UTC,1615.21,509.31,107.36,10.41,2.16,1.58,9.07,17.05
2020-10-19 13:00:00 UTC,1126.96,355.01,69.54,5.08,1.27,0.96,6.05,10.90
2020-10-19 14:00:00 UTC,918.95,289.19,56.41,4.93,1.21,0.74,4.65,8.78
2020-10-19 15:00:00 UTC,788.99,248.73,47.67,3.82,1.01,0.85,3.96,7.31
2020-10-19 16:00:00 UTC,658.31,207.25,39.05,4.06,1.04,0.69,2.92,6.00
2020-10-19 17:00:00 UTC,1194.19,377.11,87.64,10.55,3.09,2.34,5.57,12.14
2020-10-19 18:00:00 UTC,56076.76,18210.40,7147.73,924.69,308.79,226.01,222.47,688.97
2020-10-19 19:00:00 UTC,45191.38,14551.47,4868.71,581.07,189.59,137.30,182.77,483.22
2020-10-19 20:00:00 UTC,31814.49,10156.16,2831.76,319.24,105.19,77.75,129.85,297.82
2020-10-19 21:00:00 UTC,20701.96,6577.94,1685.27,186.82,58.05,42.55,84.09,181.61
2020-10-19 22:00:00 UTC,12522.20,3966.59,974.74,110.47,32.06,24.00,50.18,106.13
2020-10-19 23:00:00 UTC,7596.36,2400.20,572.66,68.72,17.68,13.34,32.25,70.27,
2020-10-19 00:00:00 UTC,1508.34,473.05,81.22,6.97,1.80,1.33,8.56,14.40
2020-10-19 01:00:00 UTC,1431.40,448.34,74.90,6.95,1.52,1.05,8.06,13.45
2020-10-19 02:00:00 UTC,1366.09,428.96,71.36,6.19,1.38,0.95,7.71,12.72
2020-10-19 03:00:00 UTC,1283.99,404.13,70.86,6.03,1.54,1.01,7.19,12.26
2020-10-19 04:00:00 UTC,1268.18,397.92,70.57,5.42,1.02,0.73,7.08,11.84
2020-10-19 05:00:00 UTC,2782.02,875.16,177.33,18.50,4.14,2.96,13.40,25.51
2020-10-19 06:00:00 UTC,7984.40,2515.66,518.46,54.45,11.68,8.31,33.54,67.78
2020-10-19 07:00:00 UTC,4669.74,1471.56,301.08,33.51,6.78,4.82,24.32,48.22
2020-10-19 08:00:00 UTC,2714.36,854.61,168.56,17.38,3.84,2.77,15.89,28.81
2020-10-19 09:00:00 UTC,2562.69,806.36,173.08,20.21,5.40,4.09,14.46,28.80
2020-10-19 10:00:00 UTC,3179.66,1004.66,240.59,36.04,9.65,7.37,18.21,41.01
2020-10-19 11:00:00 UTC,2753.60,868.15,179.56,23.61,5.59,4.22,15.88,31.53
2020-10-19 12:00:00 UTC,1615.21,509.31,107.36,10.41,2.16,1.58,9.07,17.05
2020-10-19 13:00:00 UTC,1126.96,355.01,69.54,5.08,1.27,0.96,6.05,10.90
2020-10-19 14:00:00 UTC,918.95,289.19,56.41,4.93,1.21,0.74,4.65,8.78
2020-10-19 15:00:00 UTC,788.99,248.73,47.67,3.82,1.01,0.85,3.96,7.31
2020-10-19 16:00:00 UTC,658.31,207.25,39.05,4.06,1.04,0.69,2.92,6.00
2020-10-19 17:00:00 UTC,1194.19,377.11,87.64,10.55,3.09,2.34,5.57,12.14
2020-10-19 18:00:00 UTC,56076.76,18210.40,7147.73,924.69,308.79,226.01,222.47,688.97
2020-10-19 19:00:00 UTC,45191.38,14551.47,4868.71,581.07,189.59,137.30,182.77,483.22
2020-10-19 20:00:00 UTC,31814.49,10156.16,2831.76,319.24,105.19,77.75,129.85,297.82
2020-10-19 21:00:00 UTC,20701.96,6577.94,1685.27,186.82,58.05,42.55,84.09,181.61
2020-10-19 22:00:00 UTC,12522.20,3966.59,974.74,110.47,32.06,24.00,50.18,106.13
2020-10-19 23:00:00 UTC,7596.36,2400.20,572.66,68.72,17.68,13.34,32.25,70.27
2020-10-20 00:00:00 UTC,4734.35,1494.62,348.92,42.90,9.57,7.04,24.23,52.16
2020-10-20 01:00:00 UTC,3112.12,982.33,225.55,26.82,5.48,3.86,17.80,36.52
2020-10-20 02:00:00 UTC,2270.74,716.22,159.53,18.52,4.09,2.83,12.94,25.93
2020-10-20 03:00:00 UTC,1692.99,533.52,113.62,12.67,2.95,2.20,9.40,18.58
2020-10-20 04:00:00 UTC,1326.05,417.79,85.92,8.54,2.08,1.41,7.20,13.94
2020-10-20 05:00:00 UTC,1085.42,342.03,70.04,6.97,1.61,1.20,5.69,11.04
2020-10-20 06:00:00 UTC,1841.35,579.99,115.94,12.61,3.26,2.45,10.09,19.62
2020-10-20 07:00:00 UTC,2568.21,809.00,166.73,19.74,5.43,4.17,14.83,29.11
2020-10-20 08:00:00 UTC,1491.33,468.60,88.28,9.17,2.62,2.01,8.22,15.28
2020-10-20 09:00:00 UTC,1200.40,377.23,68.89,6.82,2.19,1.76,6.49,11.97
2020-10-20 10:00:00 UTC,1021.47,320.27,55.40,5.91,1.68,1.26,5.30,9.76
2020-10-20 11:00:00 UTC,868.50,271.34,43.85,5.16,1.81,1.40,4.20,8.08
2020-10-20 12:00:00 UTC,730.32,228.25,35.78,3.95,1.60,1.28,3.42,6.59
2020-10-20 13:00:00 UTC,1773.10,558.82,143.45,30.11,11.21,8.59,9.40,27.66
2020-10-20 14:00:00 UTC,2357.09,744.96,201.02,42.38,14.54,11.36,12.79,37.84
2020-10-20 15:00:00 UTC,2143.24,676.18,177.56,34.85,12.46,9.84,11.60,33.15
2020-10-20 16:00:00 UTC,4724.43,1493.95,366.89,51.65,17.06,13.07,20.84,49.35
2020-10-20 17:00:00 UTC,28098.55,8961.24,2515.56,297.07,102.08,75.53,114.17,268.18
2020-10-20 18:00:00 UTC,46055.26,14821.73,4789.08,561.06,185.29,135.74,188.06,480.62
2020-10-20 19:00:00 UTC,36358.50,11637.94,3438.18,383.13,124.57,92.58,148.78,352.09
2020-10-20 20:00:00 UTC,25014.99,7968.90,2150.94,226.01,70.96,52.49,102.35,224.24
2020-10-20 21:00:00 UTC,18227.99,5795.08,1479.18,157.16,47.73,35.07,74.29,157.65
2020-10-20 22:00:00 UTC,13172.52,4174.25,1024.78,107.65,30.02,22.33,53.24,109.54
2020-10-20 23:00:00 UTC,10082.35,3192.66,766.82,80.83,21.52,15.64,40.32,82.91,
2020-10-20 00:00:00 UTC,4734.35,1494.62,348.92,42.90,9.57,7.04,24.23,52.16
2020-10-20 01:00:00 UTC,3112.12,982.33,225.55,26.82,5.48,3.86,17.80,36.52
2020-10-20 02:00:00 UTC,2270.74,716.22,159.53,18.52,4.09,2.83,12.94,25.93
2020-10-20 03:00:00 UTC,1692.99,533.52,113.62,12.67,2.95,2.20,9.40,18.58
2020-10-20 04:00:00 UTC,1326.05,417.79,85.92,8.54,2.08,1.41,7.20,13.94
2020-10-20 05:00:00 UTC,1085.42,342.03,70.04,6.97,1.61,1.20,5.69,11.04
2020-10-20 06:00:00 UTC,1841.35,579.99,115.94,12.61,3.26,2.45,10.09,19.62
2020-10-20 07:00:00 UTC,2568.21,809.00,166.73,19.74,5.43,4.17,14.83,29.11
2020-10-20 08:00:00 UTC,1491.33,468.60,88.28,9.17,2.62,2.01,8.22,15.28
2020-10-20 09:00:00 UTC,1200.40,377.23,68.89,6.82,2.19,1.76,6.49,11.97
2020-10-20 10:00:00 UTC,1021.47,320.27,55.40,5.91,1.68,1.26,5.30,9.76
2020-10-20 11:00:00 UTC,868.50,271.34,43.85,5.16,1.81,1.40,4.20,8.08
2020-10-20 12:00:00 UTC,730.32,228.25,35.78,3.95,1.60,1.28,3.42,6.59
2020-10-20 13:00:00 UTC,1773.10,558.82,143.45,30.11,11.21,8.59,9.40,27.66
2020-10-20 14:00:00 UTC,2357.09,744.96,201.02,42.38,14.54,11.36,12.79,37.84
2020-10-20 15:00:00 UTC,2143.24,676.18,177.56,34.85,12.46,9.84,11.60,33.15
2020-10-20 16:00:00 UTC,4724.43,1493.95,366.89,51.65,17.06,13.07,20.84,49.35
2020-10-20 17:00:00 UTC,28098.55,8961.24,2515.56,297.07,102.08,75.53,114.17,268.18
2020-10-20 18:00:00 UTC,46055.26,14821.73,4789.08,561.06,185.29,135.74,188.06,480.62
2020-10-20 19:00:00 UTC,36358.50,11637.94,3438.18,383.13,124.57,92.58,148.78,352.09
2020-10-20 20:00:00 UTC,25014.99,7968.90,2150.94,226.01,70.96,52.49,102.35,224.24
2020-10-20 21:00:00 UTC,18227.99,5795.08,1479.18,157.16,47.73,35.07,74.29,157.65
2020-10-20 22:00:00 UTC,13172.52,4174.25,1024.78,107.65,30.02,22.33,53.24,109.54
2020-10-20 23:00:00 UTC,10082.35,3192.66,766.82,80.83,21.52,15.64,40.32,82.91
2020-10-21 00:00:00 UTC,7992.62,2529.87,594.91,65.19,15.49,11.25,33.35,71.24
2020-10-21 01:00:00 UTC,6275.45,1984.07,459.12,51.79,12.18,8.94,29.15,61.85
2020-10-21 02:00:00 UTC,4887.72,1545.86,352.64,39.26,8.49,6.04,25.01,52.23
2020-10-21 03:00:00 UTC,3948.61,1247.62,278.66,31.32,6.69,4.79,21.80,44.70
2020-10-21 04:00:00 UTC,3172.71,1000.37,217.85,23.06,4.29,3.06,18.37,35.18
2020-10-21 05:00:00 UTC,5300.32,1669.12,313.58,29.35,6.27,4.50,25.70,45.55
2020-10-21 06:00:00 UTC,13884.92,4358.24,746.92,61.27,13.35,9.75,56.79,92.03
2020-10-21 07:00:00 UTC,7073.21,2214.12,377.60,36.57,7.34,5.23,31.15,58.91
2020-10-21 08:00:00 UTC,3746.53,1170.50,195.22,18.94,4.02,2.99,20.94,36.19
2020-10-21 09:00:00 UTC,2690.38,842.10,141.99,11.45,2.87,1.99,15.71,25.56
2020-10-21 10:00:00 UTC,1874.69,586.84,99.30,7.75,2.06,1.44,10.58,17.57
2020-10-21 11:00:00 UTC,2319.44,727.40,116.91,9.27,2.47,1.73,13.33,21.60
2020-10-21 12:00:00 UTC,2544.27,798.66,161.01,23.26,6.51,4.98,13.52,28.33
2020-10-21 13:00:00 UTC,2120.62,665.50,136.68,18.11,5.71,4.37,11.85,24.53
2020-10-21 14:00:00 UTC,1952.80,611.86,124.45,17.18,5.14,3.83,10.77,22.47
2020-10-21 15:00:00 UTC,1520.43,476.77,99.52,13.07,4.02,3.05,8.11,17.34
2020-10-21 16:00:00 UTC,1238.10,388.39,76.35,8.90,2.63,1.75,6.52,13.05
2020-10-21 17:00:00 UTC,2569.82,808.06,159.40,17.90,4.96,3.63,11.98,23.53
2020-10-21 18:00:00 UTC,36965.92,11830.21,3529.98,388.83,130.26,96.10,150.60,359.92
2020-10-21 19:00:00 UTC,22817.09,7258.25,1987.12,217.88,73.69,54.67,92.41,209.19
2020-10-21 20:00:00 UTC,15370.90,4877.21,1259.65,138.11,42.97,32.05,61.84,134.18
2020-10-21 21:00:00 UTC,7966.97,2521.08,624.93,72.36,19.51,14.50,33.57,73.15
2020-10-21 22:00:00 UTC,4278.47,1352.09,326.99,39.84,9.60,6.93,22.63,49.22
2020-10-21 23:00:00 UTC,2287.01,721.86,173.28,21.15,5.12,3.99,12.93,27.83,
2020-10-21 00:00:00 UTC,7992.62,2529.87,594.91,65.19,15.49,11.25,33.35,71.24
2020-10-21 01:00:00 UTC,6275.45,1984.07,459.12,51.79,12.18,8.94,29.15,61.85
2020-10-21 02:00:00 UTC,4887.72,1545.86,352.64,39.26,8.49,6.04,25.01,52.23
2020-10-21 03:00:00 UTC,3948.61,1247.62,278.66,31.32,6.69,4.79,21.80,44.70
2020-10-21 04:00:00 UTC,3172.71,1000.37,217.85,23.06,4.29,3.06,18.37,35.18
2020-10-21 05:00:00 UTC,5300.32,1669.12,313.58,29.35,6.27,4.50,25.70,45.55
2020-10-21 06:00:00 UTC,13884.92,4358.24,746.92,61.27,13.35,9.75,56.79,92.03
2020-10-21 07:00:00 UTC,7073.21,2214.12,377.60,36.57,7.34,5.23,31.15,58.91
2020-10-21 08:00:00 UTC,3746.53,1170.50,195.22,18.94,4.02,2.99,20.94,36.19
2020-10-21 09:00:00 UTC,2690.38,842.10,141.99,11.45,2.87,1.99,15.71,25.56
2020-10-21 10:00:00 UTC,1874.69,586.84,99.30,7.75,2.06,1.44,10.58,17.57
2020-10-21 11:00:00 UTC,2319.44,727.40,116.91,9.27,2.47,1.73,13.33,21.60
2020-10-21 12:00:00 UTC,2544.27,798.66,161.01,23.26,6.51,4.98,13.52,28.33
2020-10-21 13:00:00 UTC,2120.62,665.50,136.68,18.11,5.71,4.37,11.85,24.53
2020-10-21 14:00:00 UTC,1952.80,611.86,124.45,17.18,5.14,3.83,10.77,22.47
2020-10-21 15:00:00 UTC,1520.43,476.77,99.52,13.07,4.02,3.05,8.11,17.34
2020-10-21 16:00:00 UTC,1238.10,388.39,76.35,8.90,2.63,1.75,6.52,13.05
2020-10-21 17:00:00 UTC,2569.82,808.06,159.40,17.90,4.96,3.63,11.98,23.53
2020-10-21 18:00:00 UTC,36965.92,11830.21,3529.98,388.83,130.26,96.10,150.60,359.92
2020-10-21 19:00:00 UTC,22817.09,7258.25,1987.12,217.88,73.69,54.67,92.41,209.19
2020-10-21 20:00:00 UTC,15370.90,4877.21,1259.65,138.11,42.97,32.05,61.84,134.18
2020-10-21 21:00:00 UTC,7966.97,2521.08,624.93,72.36,19.51,14.50,33.57,73.15
2020-10-21 22:00:00 UTC,4278.47,1352.09,326.99,39.84,9.60,6.93,22.63,49.22
2020-10-21 23:00:00 UTC,2287.01,721.86,173.28,21.15,5.12,3.99,12.93,27.83
2020-10-22 00:00:00 UTC,1243.56,391.96,93.66,12.10,3.40,2.56,6.54,14.85
2020-10-22 01:00:00 UTC,693.01,218.29,50.45,5.59,1.86,1.28,3.17,7.55
2020-10-22 02:00:00 UTC,425.35,133.85,31.91,3.83,1.50,1.28,1.45,4.52
2020-10-22 03:00:00 UTC,300.80,94.57,22.13,2.86,1.08,0.78,0.67,2.71
2020-10-22 04:00:00 UTC,201.05,63.23,13.78,2.09,0.68,0.48,0.23,1.57
2020-10-22 05:00:00 UTC,144.63,45.47,9.25,1.41,0.55,0.48,0.03,0.83
2020-10-22 06:00:00 UTC,14193.77,4567.23,1462.68,169.70,56.07,41.09,58.17,147.91
2020-10-22 07:00:00 UTC,38228.88,12254.88,3675.07,396.71,131.83,96.12,156.98,371.75
2020-10-22 08:00:00 UTC,18484.86,5862.21,1455.31,152.32,47.43,35.09,75.42,156.83
2020-10-22 09:00:00 UTC,9569.47,3026.66,719.48,78.76,22.29,16.18,39.03,81.84
2020-10-22 10:00:00 UTC,4341.39,1371.31,320.86,38.58,9.39,6.85,22.60,48.03
2020-10-22 11:00:00 UTC,1015.20,319.29,68.47,7.14,2.26,1.59,5.26,10.86
2020-10-22 12:00:00 UTC,361.46,113.22,20.44,2.94,1.14,0.84,1.07,3.17
2020-10-22 13:00:00 UTC,491.65,154.58,33.99,5.14,2.17,1.62,1.89,5.61
2020-10-22 14:00:00 UTC,467.57,146.40,28.52,3.60,1.53,1.26,1.69,4.56
2020-10-22 15:00:00 UTC,378.88,118.12,18.54,2.00,0.81,0.64,1.25,2.88
2020-10-22 16:00:00 UTC,566.28,178.80,38.36,4.26,1.53,1.10,2.38,5.75
2020-10-22 17:00:00 UTC,1460.59,460.34,101.26,12.10,3.59,2.53,6.35,13.75
2020-10-22 18:00:00 UTC,15852.09,5032.16,1300.25,141.54,45.27,33.64,64.18,139.04
2020-10-22 19:00:00 UTC,11754.81,3726.77,948.80,106.71,32.18,24.15,46.94,101.78
2020-10-22 20:00:00 UTC,7250.66,2298.03,575.14,67.75,18.36,13.54,31.42,69.52
2020-10-22 21:00:00 UTC,4348.93,1375.24,338.60,42.49,10.32,7.64,22.96,50.51
2020-10-22 22:00:00 UTC,2586.94,817.97,197.38,24.17,5.80,4.42,14.74,31.62
2020-10-22 23:00:00 UTC,1698.29,535.89,128.10,15.15,4.22,3.21,9.42,20.42,
2020-10-22 00:00:00 UTC,1243.56,391.96,93.66,12.10,3.40,2.56,6.54,14.85
2020-10-22 01:00:00 UTC,693.01,218.29,50.45,5.59,1.86,1.28,3.17,7.55
2020-10-22 02:00:00 UTC,425.35,133.85,31.91,3.83,1.50,1.28,1.45,4.52
2020-10-22 03:00:00 UTC,300.80,94.57,22.13,2.86,1.08,0.78,0.67,2.71
2020-10-22 04:00:00 UTC,201.05,63.23,13.78,2.09,0.68,0.48,0.23,1.57
2020-10-22 05:00:00 UTC,144.63,45.47,9.25,1.41,0.55,0.48,0.03,0.83
2020-10-22 06:00:00 UTC,14193.77,4567.23,1462.68,169.70,56.07,41.09,58.17,147.91
2020-10-22 07:00:00 UTC,38228.88,12254.88,3675.07,396.71,131.83,96.12,156.98,371.75
2020-10-22 08:00:00 UTC,18484.86,5862.21,1455.31,152.32,47.43,35.09,75.42,156.83
2020-10-22 09:00:00 UTC,9569.47,3026.66,719.48,78.76,22.29,16.18,39.03,81.84
2020-10-22 10:00:00 UTC,4341.39,1371.31,320.86,38.58,9.39,6.85,22.60,48.03
2020-10-22 11:00:00 UTC,1015.20,319.29,68.47,7.14,2.26,1.59,5.26,10.86
2020-10-22 12:00:00 UTC,361.46,113.22,20.44,2.94,1.14,0.84,1.07,3.17
2020-10-22 13:00:00 UTC,491.65,154.58,33.99,5.14,2.17,1.62,1.89,5.61
2020-10-22 14:00:00 UTC,467.57,146.40,28.52,3.60,1.53,1.26,1.69,4.56
2020-10-22 15:00:00 UTC,378.88,118.12,18.54,2.00,0.81,0.64,1.25,2.88
2020-10-22 16:00:00 UTC,566.28,178.80,38.36,4.26,1.53,1.10,2.38,5.75
2020-10-22 17:00:00 UTC,1460.59,460.34,101.26,12.10,3.59,2.53,6.35,13.75
2020-10-22 18:00:00 UTC,15852.09,5032.16,1300.25,141.54,45.27,33.64,64.18,139.04
2020-10-22 19:00:00 UTC,11754.81,3726.77,948.80,106.71,32.18,24.15,46.94,101.78
2020-10-22 20:00:00 UTC,7250.66,2298.03,575.14,67.75,18.36,13.54,31.42,69.52
2020-10-22 21:00:00 UTC,4348.93,1375.24,338.60,42.49,10.32,7.64,22.96,50.51
2020-10-22 22:00:00 UTC,2586.94,817.97,197.38,24.17,5.80,4.42,14.74,31.62
2020-10-22 23:00:00 UTC,1698.29,535.89,128.10,15.15,4.22,3.21,9.42,20.42
2020-10-23 00:00:00 UTC,1149.85,362.96,83.81,8.69,2.67,2.00,6.02,13.00
2020-10-23 01:00:00 UTC,817.42,256.95,57.53,6.33,1.91,1.46,3.88,8.84
2020-10-23 02:00:00 UTC,630.84,198.93,42.48,4.24,1.27,0.95,2.77,6.19
2020-10-23 03:00:00 UTC,578.76,182.13,36.23,4.36,1.07,0.73,2.47,5.58
2020-10-23 04:00:00 UTC,598.42,188.75,35.52,3.24,0.99,0.80,2.66,5.39
2020-10-23 05:00:00 UTC,1161.03,365.43,72.82,6.88,1.60,1.14,5.41,10.92
2020-10-23 06:00:00 UTC,9455.28,2968.83,552.05,46.66,9.07,6.44,38.60,70.91
2020-10-23 07:00:00 UTC,5008.82,1570.62,291.56,28.93,5.06,3.53,25.28,47.78
2020-10-23 08:00:00 UTC,2591.19,811.32,147.94,14.33,2.71,1.91,14.99,25.70
2020-10-23 09:00:00 UTC,1239.10,387.55,67.99,5.81,1.82,1.37,6.69,11.78
2020-10-23 10:00:00 UTC,703.09,221.10,38.14,3.29,1.10,0.80,3.26,6.21
2020-10-23 11:00:00 UTC,800.95,250.28,42.82,4.18,1.45,1.13,3.94,7.37
2020-10-23 12:00:00 UTC,482.30,150.68,26.61,2.82,1.12,0.74,1.92,4.26
2020-10-23 13:00:00 UTC,347.50,108.18,19.78,2.14,0.86,0.65,0.97,2.73
2020-10-23 14:00:00 UTC,272.82,85.88,15.04,2.06,0.82,0.64,0.69,2.09
2020-10-23 15:00:00 UTC,208.97,65.57,11.40,1.47,0.44,0.35,0.26,1.22
2020-10-23 16:00:00 UTC,2563.32,807.28,175.97,24.79,7.86,5.99,12.10,26.62
2020-10-23 17:00:00 UTC,13854.10,4415.87,1228.23,146.56,50.57,37.90,59.45,139.36
2020-10-23 18:00:00 UTC,34220.84,10951.33,3165.10,341.00,114.95,84.37,140.56,325.36
2020-10-23 19:00:00 UTC,20896.07,6645.65,1750.58,182.72,59.04,44.36,85.26,184.48
2020-10-23 20:00:00 UTC,12432.13,3942.40,978.96,105.46,31.65,23.26,50.06,105.23
2020-10-23 21:00:00 UTC,7890.18,2497.45,608.15,67.97,18.29,13.41,33.16,71.81
2020-10-23 22:00:00 UTC,4702.28,1486.91,356.05,42.84,10.13,7.47,24.28,52.45
2020-10-23 23:00:00 UTC,2911.11,920.30,214.48,25.76,6.05,4.22,16.81,34.86,
2020-10-23 00:00:00 UTC,1149.85,362.96,83.81,8.69,2.67,2.00,6.02,13.00
2020-10-23 01:00:00 UTC,817.42,256.95,57.53,6.33,1.91,1.46,3.88,8.84
2020-10-23 02:00:00 UTC,630.84,198.93,42.48,4.24,1.27,0.95,2.77,6.19
2020-10-23 03:00:00 UTC,578.76,182.13,36.23,4.36,1.07,0.73,2.47,5.58
2020-10-23 04:00:00 UTC,598.42,188.75,35.52,3.24,0.99,0.80,2.66,5.39
2020-10-23 05:00:00 UTC,1161.03,365.43,72.82,6.88,1.60,1.14,5.41,10.92
2020-10-23 06:00:00 UTC,9455.28,2968.83,552.05,46.66,9.07,6.44,38.60,70.91
2020-10-23 07:00:00 UTC,5008.82,1570.62,291.56,28.93,5.06,3.53,25.28,47.78
2020-10-23 08:00:00 UTC,2591.19,811.32,147.94,14.33,2.71,1.91,14.99,25.70
2020-10-23 09:00:00 UTC,1239.10,387.55,67.99,5.81,1.82,1.37,6.69,11.78
2020-10-23 10:00:00 UTC,703.09,221.10,38.14,3.29,1.10,0.80,3.26,6.21
2020-10-23 11:00:00 UTC,800.95,250.28,42.82,4.18,1.45,1.13,3.94,7.37
2020-10-23 12:00:00 UTC,482.30,150.68,26.61,2.82,1.12,0.74,1.92,4.26
2020-10-23 13:00:00 UTC,347.50,108.18,19.78,2.14,0.86,0.65,0.97,2.73
2020-10-23 14:00:00 UTC,272.82,85.88,15.04,2.06,0.82,0.64,0.69,2.09
2020-10-23 15:00:00 UTC,208.97,65.57,11.40,1.47,0.44,0.35,0.26,1.22
2020-10-23 16:00:00 UTC,2563.32,807.28,175.97,24.79,7.86,5.99,12.10,26.62
2020-10-23 17:00:00 UTC,13854.10,4415.87,1228.23,146.56,50.57,37.90,59.45,139.36
2020-10-23 18:00:00 UTC,34220.84,10951.33,3165.10,341.00,114.95,84.37,140.56,325.36
2020-10-23 19:00:00 UTC,20896.07,6645.65,1750.58,182.72,59.04,44.36,85.26,184.48
2020-10-23 20:00:00 UTC,12432.13,3942.40,978.96,105.46,31.65,23.26,50.06,105.23
2020-10-23 21:00:00 UTC,7890.18,2497.45,608.15,67.97,18.29,13.41,33.16,71.81
2020-10-23 22:00:00 UTC,4702.28,1486.91,356.05,42.84,10.13,7.47,24.28,52.45
2020-10-23 23:00:00 UTC,2911.11,920.30,214.48,25.76,6.05,4.22,16.81,34.86
2020-10-24 00:00:00 UTC,1772.90,559.47,129.64,15.41,3.78,2.63,9.86,20.71
2020-10-24 01:00:00 UTC,1167.60,369.27,85.99,10.06,3.06,2.14,6.04,13.58
2020-10-24 02:00:00 UTC,802.04,252.80,57.92,6.73,2.22,1.72,3.81,9.00
2020-10-24 03:00:00 UTC,552.12,174.19,40.05,4.51,1.71,1.35,2.28,6.01
2020-10-24 04:00:00 UTC,432.47,135.84,29.94,3.60,1.24,0.94,1.52,4.27
2020-10-24 05:00:00 UTC,332.46,104.74,23.59,2.83,1.13,0.94,1.01,3.24
2020-10-24 06:00:00 UTC,235.81,73.96,16.44,2.35,0.87,0.68,0.35,1.97
2020-10-24 07:00:00 UTC,393.29,122.87,21.92,2.59,0.97,0.80,1.37,3.36
2020-10-24 08:00:00 UTC,8973.08,2816.54,534.97,54.90,14.89,11.20,37.65,70.13
2020-10-24 09:00:00 UTC,2394.59,752.27,147.96,17.90,5.10,3.59,13.33,26.16
2020-10-24 10:00:00 UTC,946.25,296.16,55.68,5.73,1.94,1.39,4.78,9.39
2020-10-24 11:00:00 UTC,789.23,246.86,43.81,5.01,1.99,1.44,3.74,7.71
2020-10-24 12:00:00 UTC,12484.61,3975.35,844.18,47.08,8.95,5.86,54.76,91.03
2020-10-24 13:00:00 UTC,24367.94,7718.71,1461.19,82.34,13.90,8.67,103.85,161.88
2020-10-24 14:00:00 UTC,8620.77,2706.55,453.89,33.31,4.78,3.24,36.81,64.02
2020-10-24 15:00:00 UTC,7569.79,2383.88,472.14,55.09,15.08,11.36,33.44,65.80
2020-10-24 16:00:00 UTC,4945.11,1555.29,334.59,46.75,13.35,10.14,24.63,53.23
2020-10-24 17:00:00 UTC,21265.45,6941.74,2561.95,327.04,107.94,78.92,88.03,256.70
2020-10-24 18:00:00 UTC,56007.03,18161.23,6696.97,801.85,259.02,188.02,226.09,642.04
2020-10-24 19:00:00 UTC,30948.12,9888.74,2826.35,304.27,97.27,71.03,126.59,290.14
2020-10-24 20:00:00 UTC,17184.64,5453.56,1373.75,143.94,43.64,32.43,69.82,146.69
2020-10-24 21:00:00 UTC,10032.26,3172.01,750.57,80.62,21.17,15.62,40.51,83.82
2020-10-24 22:00:00 UTC,5708.18,1801.60,413.64,48.75,11.33,8.34,27.37,58.24
2020-10-24 23:00:00 UTC,3523.14,1112.17,251.27,28.92,6.57,4.59,19.88,40.66,
2020-10-24 00:00:00 UTC,1772.90,559.47,129.64,15.41,3.78,2.63,9.86,20.71
2020-10-24 01:00:00 UTC,1167.60,369.27,85.99,10.06,3.06,2.14,6.04,13.58
2020-10-24 02:00:00 UTC,802.04,252.80,57.92,6.73,2.22,1.72,3.81,9.00
2020-10-24 03:00:00 UTC,552.12,174.19,40.05,4.51,1.71,1.35,2.28,6.01
2020-10-24 04:00:00 UTC,432.47,135.84,29.94,3.60,1.24,0.94,1.52,4.27
2020-10-24 05:00:00 UTC,332.46,104.74,23.59,2.83,1.13,0.94,1.01,3.24
2020-10-24 06:00:00 UTC,235.81,73.96,16.44,2.35,0.87,0.68,0.35,1.97
2020-10-24 07:00:00 UTC,393.29,122.87,21.92,2.59,0.97,0.80,1.37,3.36
2020-10-24 08:00:00 UTC,8973.08,2816.54,534.97,54.90,14.89,11.20,37.65,70.13
2020-10-24 09:00:00 UTC,2394.59,752.27,147.96,17.90,5.10,3.59,13.33,26.16
2020-10-24 10:00:00 UTC,946.25,296.16,55.68,5.73,1.94,1.39,4.78,9.39
2020-10-24 11:00:00 UTC,789.23,246.86,43.81,5.01,1.99,1.44,3.74,7.71
2020-10-24 12:00:00 UTC,12484.61,3975.35,844.18,47.08,8.95,5.86,54.76,91.03
2020-10-24 13:00:00 UTC,24367.94,7718.71,1461.19,82.34,13.90,8.67,103.85,161.88
2020-10-24 14:00:00 UTC,8620.77,2706.55,453.89,33.31,4.78,3.24,36.81,64.02
2020-10-24 15:00:00 UTC,7569.79,2383.88,472.14,55.09,15.08,11.36,33.44,65.80
2020-10-24 16:00:00 UTC,4945.11,1555.29,334.59,46.75,13.35,10.14,24.63,53.23
2020-10-24 17:00:00 UTC,21265.45,6941.74,2561.95,327.04,107.94,78.92,88.03,256.70
2020-10-24 18:00:00 UTC,56007.03,18161.23,6696.97,801.85,259.02,188.02,226.09,642.04
2020-10-24 19:00:00 UTC,30948.12,9888.74,2826.35,304.27,97.27,71.03,126.59,290.14
2020-10-24 20:00:00 UTC,17184.64,5453.56,1373.75,143.94,43.64,32.43,69.82,146.69
2020-10-24 21:00:00 UTC,10032.26,3172.01,750.57,80.62,21.17,15.62,40.51,83.82
2020-10-24 22:00:00 UTC,5708.18,1801.60,413.64,48.75,11.33,8.34,27.37,58.24
2020-10-24 23:00:00 UTC,3523.14,1112.17,251.27,28.92,6.57,4.59,19.88,40.66
2020-10-25 00:00:00 UTC,2223.20,700.15,154.82,16.13,3.85,2.80,12.63,24.77
2020-10-25 01:00:00 UTC,1521.89,479.47,106.21,11.74,2.82,2.06,8.29,16.94
2020-10-25 02:00:00 UTC,1031.85,324.37,70.50,7.31,1.96,1.42,5.30,10.99
2020-10-25 03:00:00 UTC,671.84,211.76,45.93,4.80,1.53,1.06,3.04,6.87
2020-10-25 04:00:00 UTC,462.87,145.18,31.80,3.37,1.18,0.89,1.70,4.46
2020-10-25 05:00:00 UTC,325.08,102.56,23.32,2.72,0.89,0.67,0.85,2.94
2020-10-25 06:00:00 UTC,213.10,67.25,15.78,2.13,0.86,0.66,0.27,1.79