created_at,PM1.0_CF1_ug/m3,PM2.5_CF1_ug/m3,PM10.0_CF1_ug/m3,UptimeMinutes,RSSI_dbm,Temperature_F,Humidity_%,PM2.5_ATM_ug/m3,
2019-03-11 00:00:00 UTC,6.42,11.18,14.72,462.66,-67.52,76.37,30.92,10.08,
2019-03-12 00:00:00 UTC,1.65,3.60,5.46,1467.35,-67.89,75.25,29.44,3.60,
2019-03-13 00:00:00 UTC,1.49,3.22,4.94,1562.70,-69.97,75.59,28.70,3.22,
2019-03-14 00:00:00 UTC,7.39,11.75,14.03,330.57,-68.10,75.69,30.04,9.17,
2019-03-15 00:00:00 UTC,11.91,19.26,23.01,428.75,-69.03,75.47,32.22,14.02,
2019-03-16 00:00:00 UTC,2.49,4.37,5.66,1743.57,-66.80,74.92,32.64,4.26,
2019-03-17 00:00:00 UTC,4.63,9.15,13.26,3184.22,-68.53,74.23,32.82,8.16,
2019-03-18 00:00:00 UTC,13.44,22.42,27.86,4623.49,-65.15,73.72,33.11,18.19,
2019-03-19 00:00:00 UTC,3.60,6.36,8.41,6063.96,-66.91,73.73,34.44,6.36,
2019-03-20 00:00:00 UTC,1.48,2.86,4.16,7503.95,-65.43,75.52,34.31,2.86,
2019-03-21 00:00:00 UTC,25.97,40.23,47.37,8943.09,-65.92,78.81,32.22,28.52,
2019-03-22 00:00:00 UTC,8.47,17.18,25.40,10383.32,-66.95,78.63,32.91,15.75,
2019-03-23 00:00:00 UTC,6.97,11.40,14.10,908.94,-69.93,78.59,30.74,10.07,
2019-03-24 00:00:00 UTC,4.39,7.63,9.99,2131.25,-70.85,78.61,30.45,7.52,
2019-03-25 00:00:00 UTC,1.37,2.86,4.31,2330.45,-75.55,79.44,29.76,2.86,
2019-03-26 00:00:00 UTC,4.73,8.37,11.25,1002.27,-72.48,77.83,30.34,7.96,
2019-03-27 00:00:00 UTC,4.46,7.45,9.60,837.53,-66.68,79.03,27.71,7.33,
2019-03-28 00:00:00 UTC,6.52,10.51,12.69,616.55,-64.98,78.22,29.27,10.47,
2019-03-29 00:00:00 UTC,9.20,16.73,22.52,991.68,-63.36,78.56,28.11,16.56,
2019-03-30 00:00:00 UTC,19.81,31.75,36.97,951.07,-65.12,79.65,28.66,26.65,
2019-03-31 00:00:00 UTC,4.92,8.56,10.85,368.68,-63.94,80.06,27.34,8.56
2019-04-01 00:00:00 UTC,12.13,22.93,32.55,1192.94,-64.36,79.63,26.49,18.99,
2019-04-01 00:00:00 UTC,12.13,22.93,32.55,1192.94,-64.36,79.63,26.49,18.99
2019-04-02 00:00:00 UTC,4.35,9.20,14.47,651.53,-63.25,78.85,25.95,8.77,
2019-04-02 00:00:00 UTC,4.35,9.20,14.47,651.53,-63.25,78.85,25.95,8.77
2019-04-03 00:00:00 UTC,3.22,6.02,8.68,658.18,-63.96,77.20,25.86,6.02,
2019-04-03 00:00:00 UTC,3.22,6.02,8.68,658.18,-63.96,77.20,25.86,6.02
2019-04-04 00:00:00 UTC,3.26,6.00,8.40,625.45,-64.18,75.97,26.79,5.94,
2019-04-04 00:00:00 UTC,3.26,6.00,8.40,625.45,-64.18,75.97,26.79,5.94
2019-04-05 00:00:00 UTC,2.28,4.36,6.16,463.81,-61.32,74.85,28.81,4.36,
2019-04-05 00:00:00 UTC,2.28,4.36,6.16,463.81,-61.32,74.85,28.81,4.36
2019-04-06 00:00:00 UTC,2.95,5.77,8.60,1562.00,-63.49,73.10,28.11,5.77,
2019-04-06 00:00:00 UTC,2.95,5.77,8.60,1562.00,-63.49,73.10,28.11,5.77
2019-04-07 00:00:00 UTC,6.78,12.76,15.77,1078.49,-62.81,20.69,8.02,12.76,
2019-04-07 00:00:00 UTC,6.78,12.76,15.77,1078.49,-62.81,20.69,8.02,12.76
2019-04-08 00:00:00 UTC,25.17,46.15,60.51,1746.03,-57.60,,,37.52,
2019-04-08 00:00:00 UTC,25.17,46.15,60.51,1746.03,-57.60,,,37.52
2019-04-09 00:00:00 UTC,13.30,24.00,30.35,3186.02,-57.84,,,23.45,
2019-04-09 00:00:00 UTC,13.30,24.00,30.35,3186.02,-57.84,,,23.45
2019-04-10 00:00:00 UTC,5.75,12.12,18.54,4626.05,-58.20,,,11.01,
2019-04-10 00:00:00 UTC,5.75,12.12,18.54,4626.05,-58.20,,,11.01
2019-04-11 00:00:00 UTC,3.41,6.20,8.24,6066.05,-57.24,,,6.20,
2019-04-11 00:00:00 UTC,3.41,6.20,8.24,6066.05,-57.24,,,6.20
2019-04-12 00:00:00 UTC,11.84,26.70,43.42,7506.07,-57.17,,,22.68,
2019-04-12 00:00:00 UTC,11.84,26.70,43.42,7506.07,-57.17,,,22.68
2019-04-13 00:00:00 UTC,3.54,6.42,8.59,1197.58,-57.28,66.21,26.22,6.41,
2019-04-13 00:00:00 UTC,3.54,6.42,8.59,1197.58,-57.28,66.21,26.22,6.41
2019-04-14 00:00:00 UTC,5.32,10.07,13.82,1793.91,-63.56,73.09,27.49,10.05,
2019-04-14 00:00:00 UTC,5.32,10.07,13.82,1793.91,-63.56,73.09,27.49,10.05
2019-04-15 00:00:00 UTC,12.22,21.43,26.29,535.90,-61.82,75.82,28.81,20.84,
2019-04-15 00:00:00 UTC,12.22,21.43,26.29,535.90,-61.82,75.82,28.81,20.84
2019-04-16 00:00:00 UTC,18.65,31.97,37.98,1905.59,-64.58,77.13,29.06,29.40,
2019-04-16 00:00:00 UTC,18.65,31.97,37.98,1905.59,-64.58,77.13,29.06,29.40
2019-04-17 00:00:00 UTC,9.52,16.08,19.65,3346.85,-62.05,77.65,28.62,16.06,
2019-04-17 00:00:00 UTC,9.52,16.08,19.65,3346.85,-62.05,77.65,28.62,16.06
2019-04-18 00:00:00 UTC,11.46,20.61,25.78,3738.15,-62.20,77.83,31.09,20.23,
2019-04-18 00:00:00 UTC,11.46,20.61,25.78,3738.15,-62.20,77.83,31.09,20.23
2019-04-19 00:00:00 UTC,25.53,41.22,48.45,1008.57,-61.19,78.57,34.02,33.06,
2019-04-19 00:00:00 UTC,25.53,41.22,48.45,1008.57,-61.19,78.57,34.02,33.06
2019-04-20 00:00:00 UTC,10.93,17.07,20.22,1519.59,-66.22,79.33,32.47,16.69,
2019-04-20 00:00:00 UTC,10.93,17.07,20.22,1519.59,-66.22,79.33,32.47,16.69
2019-04-21 00:00:00 UTC,7.43,11.49,13.41,930.66,-69.85,80.22,31.81,11.49,
2019-04-21 00:00:00 UTC,7.43,11.49,13.41,930.66,-69.85,80.22,31.81,11.49
2019-04-22 00:00:00 UTC,8.01,12.65,14.91,382.89,-67.99,80.38,30.13,12.65,
2019-04-22 00:00:00 UTC,8.01,12.65,14.91,382.89,-67.99,80.38,30.13,12.65
2019-04-23 00:00:00 UTC,13.04,20.20,23.53,1394.00,-66.10,80.71,30.36,19.05,
2019-04-23 00:00:00 UTC,13.04,20.20,23.53,1394.00,-66.10,80.71,30.36,19.05
2019-04-24 00:00:00 UTC,7.39,13.26,17.69,466.32,-68.86,81.67,30.04,13.20,
2019-04-24 00:00:00 UTC,7.39,13.26,17.69,466.32,-68.86,81.67,30.04,13.20
2019-04-25 00:00:00 UTC,1.19,2.66,4.34,895.87,-66.64,81.16,28.18,2.66,
2019-04-25 00:00:00 UTC,1.19,2.66,4.34,895.87,-66.64,81.16,28.18,2.66
2019-04-26 00:00:00 UTC,10.56,17.06,20.11,2334.70,-67.78,79.79,29.71,14.17,
2019-04-26 00:00:00 UTC,10.56,17.06,20.11,2334.70,-67.78,79.79,29.71,14.17
2019-04-27 00:00:00 UTC,2.25,3.97,5.38,2932.11,-67.92,78.93,27.40,3.89,
2019-04-27 00:00:00 UTC,2.25,3.97,5.38,2932.11,-67.92,78.93,27.40,3.89
2019-04-28 00:00:00 UTC,1.20,2.42,3.67,988.67,-67.15,79.79,26.38,2.42,
2019-04-28 00:00:00 UTC,1.20,2.42,3.67,988.67,-67.15,79.79,26.38,2.42
2019-04-29 00:00:00 UTC,2.82,4.83,6.25,1296.23,-66.03,78.99,28.06,4.83,
2019-04-29 00:00:00 UTC,2.82,4.83,6.25,1296.23,-66.03,78.99,28.06,4.83
2019-04-30 00:00:00 UTC,6.01,9.89,12.14,524.22,-61.31,78.33,28.28,9.47,
2019-04-30 00:00:00 UTC,6.01,9.89,12.14,524.22,-61.31,78.33,28.28,9.47
2019-05-01 00:00:00 UTC,4.60,7.63,9.57,1885.51,-66.34,78.64,29.91,7.63,
2019-05-01 00:00:00 UTC,4.60,7.63,9.57,1885.51,-66.34,78.64,29.91,7.63
2019-05-02 00:00:00 UTC,3.50,6.38,8.70,438.44,-63.90,79.02,29.78,6.30,
2019-05-02 00:00:00 UTC,3.50,6.38,8.70,438.44,-63.90,79.02,29.78,6.30
2019-05-03 00:00:00 UTC,3.70,6.50,8.35,883.08,-62.73,79.11,28.82,6.36,
2019-05-03 00:00:00 UTC,3.70,6.50,8.35,883.08,-62.73,79.11,28.82,6.36
2019-05-04 00:00:00 UTC,1.80,4.15,6.83,613.99,-61.90,78.87,25.58,4.14,
2019-05-04 00:00:00 UTC,1.80,4.15,6.83,613.99,-61.90,78.87,25.58,4.14
2019-05-05 00:00:00 UTC,7.95,12.78,15.33,1813.60,-61.99,76.90,24.86,10.46,
2019-05-05 00:00:00 UTC,7.95,12.78,15.33,1813.60,-61.99,76.90,24.86,10.46
2019-05-06 00:00:00 UTC,3.86,6.65,8.76,401.05,-67.59,79.43,24.62,6.64,
2019-05-06 00:00:00 UTC,3.86,6.65,8.76,401.05,-67.59,79.43,24.62,6.64
2019-05-07 00:00:00 UTC,3.91,6.27,7.64,953.44,-61.26,78.63,27.46,6.27,
2019-05-07 00:00:00 UTC,3.91,6.27,7.64,953.44,-61.26,78.63,27.46,6.27
2019-05-08 00:00:00 UTC,7.65,12.10,14.24,1298.61,-61.94,79.16,28.35,10.07,
2019-05-08 00:00:00 UTC,7.65,12.10,14.24,1298.61,-61.94,79.16,28.35,10.07
2019-05-09 00:00:00 UTC,12.28,27.41,44.40,1127.21,-59.14,78.94,30.90,21.39,
2019-05-09 00:00:00 UTC,12.28,27.41,44.40,1127.21,-59.14,78.94,30.90,21.39
2019-05-10 00:00:00 UTC,3.57,6.30,8.37,613.95,-65.01,79.95,29.88,6.30,
2019-05-10 00:00:00 UTC,3.57,6.30,8.37,613.95,-65.01,79.95,29.88,6.30
2019-05-11 00:00:00 UTC,3.64,6.15,7.77,1861.43,-62.14,81.01,28.53,5.87,
2019-05-11 00:00:00 UTC,3.64,6.15,7.77,1861.43,-62.14,81.01,28.53,5.87
2019-05-12 00:00:00 UTC,2.99,5.42,7.63,412.67,-57.24,79.71,27.41,5.42,
2019-05-12 00:00:00 UTC,2.99,5.42,7.63,412.67,-57.24,79.71,27.41,5.42
2019-05-13 00:00:00 UTC,2.25,3.94,5.14,1546.01,-57.09,80.33,26.72,3.94,
2019-05-13 00:00:00 UTC,2.25,3.94,5.14,1546.01,-57.09,80.33,26.72,3.94
2019-05-14 00:00:00 UTC,1.96,3.34,4.26,1708.27,-59.31,76.29,24.26,3.34,
2019-05-14 00:00:00 UTC,1.96,3.34,4.26,1708.27,-59.31,76.29,24.26,3.34
2019-05-15 00:00:00 UTC,9.25,15.97,19.48,845.13,-60.30,81.06,25.86,12.55,
2019-05-15 00:00:00 UTC,9.25,15.97,19.48,845.13,-60.30,81.06,25.86,12.55
2019-05-16 00:00:00 UTC,3.02,5.06,6.39,815.14,-56.66,80.74,25.64,5.06,
2019-05-16 00:00:00 UTC,3.02,5.06,6.39,815.14,-56.66,80.74,25.64,5.06
2019-05-17 00:00:00 UTC,3.57,6.28,8.31,795.46,-59.58,81.79,25.98,6.25,
2019-05-17 00:00:00 UTC,3.57,6.28,8.31,795.46,-59.58,81.79,25.98,6.25
2019-05-18 00:00:00 UTC,1.36,2.56,3.58,1626.62,-60.26,81.67,27.14,2.56,
2019-05-18 00:00:00 UTC,1.36,2.56,3.58,1626.62,-60.26,81.67,27.14,2.56
2019-05-19 00:00:00 UTC,3.77,6.02,7.26,3066.71,-60.56,80.56,29.56,6.02,
2019-05-19 00:00:00 UTC,3.77,6.02,7.26,3066.71,-60.56,80.56,29.56,6.02
2019-05-20 00:00:00 UTC,4.98,7.74,8.92,1044.93,-60.14,80.84,31.12,7.25,
2019-05-20 00:00:00 UTC,4.98,7.74,8.92,1044.93,-60.14,80.84,31.12,7.25
2019-05-21 00:00:00 UTC,2.16,3.70,4.69,1975.05,-62.24,80.92,28.59,3.70,
2019-05-21 00:00:00 UTC,2.16,3.70,4.69,1975.05,-62.24,80.92,28.59,3.70
2019-05-22 00:00:00 UTC,2.79,4.76,6.06,3416.22,-63.48,81.32,29.67,4.76,
2019-05-22 00:00:00 UTC,2.79,4.76,6.06,3416.22,-63.48,81.32,29.67,4.76
2019-05-23 00:00:00 UTC,11.44,18.06,21.31,4087.43,-66.70,82.27,29.40,14.46,
2019-05-23 00:00:00 UTC,11.44,18.06,21.31,4087.43,-66.70,82.27,29.40,14.46
2019-05-24 00:00:00 UTC,4.22,6.72,8.02,853.19,-68.99,82.42,28.94,6.61,
2019-05-24 00:00:00 UTC,4.22,6.72,8.02,853.19,-68.99,82.42,28.94,6.61
2019-05-25 00:00:00 UTC,3.19,5.37,6.51,400.18,-68.01,83.23,30.56,5.14,
2019-05-25 00:00:00 UTC,3.19,5.37,6.51,400.18,-68.01,83.23,30.56,5.14
2019-05-26 00:00:00 UTC,2.25,4.05,5.35,1173.59,-67.94,83.90,31.10,4.05,
2019-05-26 00:00:00 UTC,2.25,4.05,5.35,1173.59,-67.94,83.90,31.10,4.05
2019-05-27 00:00:00 UTC,2.03,3.60,4.62,1338.20,-61.08,82.19,28.30,3.40,
2019-05-27 00:00:00 UTC,2.03,3.60,4.62,1338.20,-61.08,82.19,28.30,3.40
2019-05-28 00:00:00 UTC,9.04,15.04,18.91,1415.42,-64.82,80.87,27.86,11.72,
2019-05-28 00:00:00 UTC,9.04,15.04,18.91,1415.42,-64.82,80.87,27.86,11.72
2019-05-29 00:00:00 UTC,4.57,8.05,10.46,757.80,-63.15,79.06,28.55,7.74,
2019-05-29 00:00:00 UTC,4.57,8.05,10.46,757.80,-63.15,79.06,28.55,7.74
2019-05-30 00:00:00 UTC,4.45,7.75,9.99,2087.34,-64.76,81.29,32.43,7.75,
2019-05-30 00:00:00 UTC,4.45,7.75,9.99,2087.34,-64.76,81.29,32.43,7.75
2019-05-31 00:00:00 UTC,9.21,15.68,19.18,1641.07,-64.01,81.69,32.56,11.93,
2019-05-31 00:00:00 UTC,9.21,15.68,19.18,1641.07,-64.01,81.69,32.56,11.93
2019-06-01 00:00:00 UTC,3.61,5.95,7.30,1245.00,-64.56,83.72,32.25,5.67,
2019-06-01 00:00:00 UTC,3.61,5.95,7.30,1245.00,-64.56,83.72,32.25,5.67
2019-06-02 00:00:00 UTC,2.25,3.80,4.76,2685.00,-62.20,84.79,32.40,3.80,
2019-06-02 00:00:00 UTC,2.25,3.80,4.76,2685.00,-62.20,84.79,32.40,3.80
2019-06-03 00:00:00 UTC,2.61,4.85,6.61,4125.55,-67.51,83.61,28.82,4.85,
2019-06-03 00:00:00 UTC,2.61,4.85,6.61,4125.55,-67.51,83.61,28.82,4.85
2019-06-04 00:00:00 UTC,17.19,27.35,31.17,5565.00,-68.04,83.61,30.42,19.57,
2019-06-04 00:00:00 UTC,17.19,27.35,31.17,5565.00,-68.04,83.61,30.42,19.57
2019-06-05 00:00:00 UTC,7.27,11.23,12.82,7005.36,-67.92,83.58,30.90,9.05,
2019-06-05 00:00:00 UTC,7.27,11.23,12.82,7005.36,-67.92,83.58,30.90,9.05
2019-06-06 00:00:00 UTC,0.95,1.77,2.33,8446.65,-66.17,83.01,29.09,1.77,
2019-06-06 00:00:00 UTC,0.95,1.77,2.33,8446.65,-66.17,83.01,29.09,1.77
2019-06-07 00:00:00 UTC,5.14,8.17,9.58,9883.00,-65.51,82.66,30.42,7.17,
2019-06-07 00:00:00 UTC,5.14,8.17,9.58,9883.00,-65.51,82.66,30.42,7.17
2019-06-08 00:00:00 UTC,3.50,5.66,6.91,4858.45,-63.70,82.41,30.80,5.29,
2019-06-08 00:00:00 UTC,3.50,5.66,6.91,4858.45,-63.70,82.41,30.80,5.29
2019-06-09 00:00:00 UTC,1.30,2.78,4.47,1551.00,-62.43,81.90,29.90,2.78,
2019-06-09 00:00:00 UTC,1.30,2.78,4.47,1551.00,-62.43,81.90,29.90,2.78
2019-06-10 00:00:00 UTC,8.06,13.60,16.79,2990.92,-63.26,80.94,29.96,11.96,
2019-06-10 00:00:00 UTC,8.06,13.60,16.79,2990.92,-63.26,80.94,29.96,11.96
2019-06-11 00:00:00 UTC,1.51,2.83,3.85,4430.37,-61.50,79.53,31.61,2.82,
2019-06-11 00:00:00 UTC,1.51,2.83,3.85,4430.37,-61.50,79.53,31.61,2.82
2019-06-12 00:00:00 UTC,2.94,5.65,7.85,5868.36,-61.11,79.10,32.14,5.54,
2019-06-12 00:00:00 UTC,2.94,5.65,7.85,5868.36,-61.11,79.10,32.14,5.54
2019-06-13 00:00:00 UTC,21.50,36.09,44.75,7311.22,-63.07,79.32,33.74,27.16,
2019-06-13 00:00:00 UTC,21.50,36.09,44.75,7311.22,-63.07,79.32,33.74,27.16
2019-06-14 00:00:00 UTC,2.09,4.67,7.65,8750.69,-63.36,79.96,35.59,4.67,
2019-06-14 00:00:00 UTC,2.09,4.67,7.65,8750.69,-63.36,79.96,35.59,4.67
2019-06-15 00:00:00 UTC,15.08,27.83,35.01,10191.00,-63.02,80.58,35.13,19.58,
2019-06-15 00:00:00 UTC,15.08,27.83,35.01,10191.00,-63.02,80.58,35.13,19.58
2019-06-16 00:00:00 UTC,5.46,8.37,9.82,11631.17,-61.82,80.97,35.89,7.20,
2019-06-16 00:00:00 UTC,5.46,8.37,9.82,11631.17,-61.82,80.97,35.89,7.20
2019-06-17 00:00:00 UTC,2.04,3.99,5.77,13073.10,-65.52,81.63,34.71,3.99,
2019-06-17 00:00:00 UTC,2.04,3.99,5.77,13073.10,-65.52,81.63,34.71,3.99
2019-06-18 00:00:00 UTC,10.99,17.99,21.40,14514.10,-64.52,81.93,34.13,14.16,
2019-06-18 00:00:00 UTC,10.99,17.99,21.40,14514.10,-64.52,81.93,34.13,14.16
2019-06-19 00:00:00 UTC,8.27,14.52,18.17,15951.00,-60.91,83.48,33.97,13.59,
2019-06-19 00:00:00 UTC,8.27,14.52,18.17,15951.00,-60.91,83.48,33.97,13.59
2019-06-20 00:00:00 UTC,3.97,6.50,8.15,17391.00,-60.80,82.06,31.07,5.84,
2019-06-20 00:00:00 UTC,3.97,6.50,8.15,17391.00,-60.80,82.06,31.07,5.84
2019-06-21 00:00:00 UTC,1.58,2.78,3.68,18831.00,-61.72,80.51,28.66,2.78,
2019-06-21 00:00:00 UTC,1.58,2.78,3.68,18831.00,-61.72,80.51,28.66,2.78
2019-06-22 00:00:00 UTC,2.02,3.40,4.24,20271.05,-63.88,82.15,28.24,3.40,
2019-06-22 00:00:00 UTC,2.02,3.40,4.24,20271.05,-63.88,82.15,28.24,3.40
2019-06-23 00:00:00 UTC,5.52,8.31,9.36,21711.00,-62.71,83.92,31.60,8.31,
2019-06-23 00:00:00 UTC,5.52,8.31,9.36,21711.00,-62.71,83.92,31.60,8.31
2019-06-24 00:00:00 UTC,38.98,109.67,229.29,23151.00,-65.03,85.45,36.30,77.78,
2019-06-24 00:00:00 UTC,38.98,109.67,229.29,23151.00,-65.03,85.45,36.30,77.78
2019-06-25 00:00:00 UTC,9.09,15.25,18.83,24591.00,-63.54,85.94,37.88,14.95,
2019-06-25 00:00:00 UTC,9.09,15.25,18.83,24591.00,-63.54,85.94,37.88,14.95
2019-06-26 00:00:00 UTC,3.70,6.38,7.77,26031.00,-62.88,84.50,33.62,6.38,
2019-06-26 00:00:00 UTC,3.70,6.38,7.77,26031.00,-62.88,84.50,33.62,6.38
2019-06-27 00:00:00 UTC,3.02,5.13,6.29,27471.00,-63.62,83.80,31.78,5.05,
2019-06-27 00:00:00 UTC,3.02,5.13,6.29,27471.00,-63.62,83.80,31.78,5.05
2019-06-28 00:00:00 UTC,3.34,5.84,7.27,28911.17,-63.05,84.08,31.41,5.84,
2019-06-28 00:00:00 UTC,3.34,5.84,7.27,28911.17,-63.05,84.08,31.41,5.84
2019-06-29 00:00:00 UTC,5.67,9.19,10.97,30351.00,-62.24,85.83,33.81,9.19,
2019-06-29 00:00:00 UTC,5.67,9.19,10.97,30351.00,-62.24,85.83,33.81,9.19
2019-06-30 00:00:00 UTC,2.52,4.46,5.79,31791.37,-65.09,86.01,30.78,4.46,
2019-06-30 00:00:00 UTC,2.52,4.46,5.79,31791.37,-65.09,86.01,30.78,4.46
2019-07-01 00:00:00 UTC,1.71,3.84,6.11,33231.00,-63.49,84.31,28.53,3.79,
2019-07-01 00:00:00 UTC,1.71,3.84,6.11,33231.00,-63.49,84.31,28.53,3.79
2019-07-02 00:00:00 UTC,2.46,4.38,5.89,20914.39,-61.99,82.40,27.33,4.27,
2019-07-02 00:00:00 UTC,2.46,4.38,5.89,20914.39,-61.99,82.40,27.33,4.27
2019-07-03 00:00:00 UTC,7.41,11.61,13.41,1283.81,-64.38,82.52,27.49,9.18,
2019-07-03 00:00:00 UTC,7.41,11.61,13.41,1283.81,-64.38,82.52,27.49,9.18
2019-07-04 00:00:00 UTC,7.69,13.01,16.07,2722.69,-64.78,83.51,29.12,10.59,
2019-07-04 00:00:00 UTC,7.69,13.01,16.07,2722.69,-64.78,83.51,29.12,10.59
2019-07-05 00:00:00 UTC,3.38,5.42,6.51,3287.10,-62.66,84.85,29.64,5.42,
2019-07-05 00:00:00 UTC,3.38,5.42,6.51,3287.10,-62.66,84.85,29.64,5.42
2019-07-06 00:00:00 UTC,2.51,4.21,5.18,499.02,-63.20,84.89,30.67,4.21,
2019-07-06 00:00:00 UTC,2.51,4.21,5.18,499.02,-63.20,84.89,30.67,4.21
2019-07-07 00:00:00 UTC,7.44,11.85,13.91,1729.00,-62.56,84.91,30.22,9.65,
2019-07-07 00:00:00 UTC,7.44,11.85,13.91,1729.00,-62.56,84.91,30.22,9.65
2019-07-08 00:00:00 UTC,4.68,7.44,8.77,3169.26,-61.74,84.70,29.53,7.20,
2019-07-08 00:00:00 UTC,4.68,7.44,8.77,3169.26,-61.74,84.70,29.53,7.20
2019-07-09 00:00:00 UTC,3.31,5.56,7.08,4609.00,-60.21,85.16,29.71,5.56,
2019-07-09 00:00:00 UTC,3.31,5.56,7.08,4609.00,-60.21,85.16,29.71,5.56
2019-07-10 00:00:00 UTC,6.41,11.45,15.35,6048.26,-62.05,86.62,31.69,10.84,
2019-07-10 00:00:00 UTC,6.41,11.45,15.35,6048.26,-62.05,86.62,31.69,10.84
2019-07-11 00:00:00 UTC,7.66,14.28,19.84,7486.21,-60.68,87.40,30.92,11.69,
2019-07-11 00:00:00 UTC,7.66,14.28,19.84,7486.21,-60.68,87.40,30.92,11.69
2019-07-12 00:00:00 UTC,2.08,4.36,6.77,8929.00,-54.87,87.53,30.50,4.36,
2019-07-12 00:00:00 UTC,2.08,4.36,6.77,8929.00,-54.87,87.53,30.50,4.36
2019-07-13 00:00:00 UTC,7.19,11.84,14.05,10369.00,-55.00,87.18,29.58,9.62,
2019-07-13 00:00:00 UTC,7.19,11.84,14.05,10369.00,-55.00,87.18,29.58,9.62
2019-07-14 00:00:00 UTC,2.53,4.51,5.91,963.31,-58.58,86.19,29.92,4.51,
2019-07-14 00:00:00 UTC,2.53,4.51,5.91,963.31,-58.58,86.19,29.92,4.51
2019-07-15 00:00:00 UTC,6.65,15.02,25.13,2084.48,-59.46,84.99,28.79,12.85,
2019-07-15 00:00:00 UTC,6.65,15.02,25.13,2084.48,-59.46,84.99,28.79,12.85
2019-07-16 00:00:00 UTC,6.43,13.41,20.48,1258.49,-59.67,85.61,28.23,12.80,
2019-07-16 00:00:00 UTC,6.43,13.41,20.48,1258.49,-59.67,85.61,28.23,12.80
2019-07-17 00:00:00 UTC,7.65,14.42,20.47,685.00,-59.97,86.38,29.84,13.69,
2019-07-17 00:00:00 UTC,7.65,14.42,20.47,685.00,-59.97,86.38,29.84,13.69
2019-07-18 00:00:00 UTC,2.06,3.61,4.59,1590.56,-61.10,86.28,29.32,3.60,
2019-07-18 00:00:00 UTC,2.06,3.61,4.59,1590.56,-61.10,86.28,29.32,3.60
2019-07-19 00:00:00 UTC,1.83,3.53,4.91,3029.00,-61.25,85.39,32.68,3.53,
2019-07-19 00:00:00 UTC,1.83,3.53,4.91,3029.00,-61.25,85.39,32.68,3.53
2019-07-20 00:00:00 UTC,2.88,4.90,6.00,4360.42,-64.08,85.44,33.14,4.67,
2019-07-20 00:00:00 UTC,2.88,4.90,6.00,4360.42,-64.08,85.44,33.14,4.67
2019-07-21 00:00:00 UTC,1.01,1.98,2.69,318.13,-66.44,84.97,30.97,1.98,
2019-07-21 00:00:00 UTC,1.01,1.98,2.69,318.13,-66.44,84.97,30.97,1.98
2019-07-22 00:00:00 UTC,2.78,4.70,5.72,759.00,-64.85,86.45,35.05,4.63,
2019-07-22 00:00:00 UTC,2.78,4.70,5.72,759.00,-64.85,86.45,35.05,4.63
2019-07-23 00:00:00 UTC,4.68,7.30,8.53,959.60,-65.67,87.81,32.48,7.30,
2019-07-23 00:00:00 UTC,4.68,7.30,8.53,959.60,-65.67,87.81,32.48,7.30
2019-07-24 00:00:00 UTC,4.93,7.81,9.14,1295.61,-65.23,89.84,33.70,7.81,
2019-07-24 00:00:00 UTC,4.93,7.81,9.14,1295.61,-65.23,89.84,33.70,7.81
2019-07-25 00:00:00 UTC,16.78,27.91,32.86,2737.18,-62.79,89.06,33.66,21.71,
2019-07-25 00:00:00 UTC,16.78,27.91,32.86,2737.18,-62.79,89.06,33.66,21.71
2019-07-26 00:00:00 UTC,1.48,2.82,3.62,4175.00,-57.29,90.32,31.35,2.82,
2019-07-26 00:00:00 UTC,1.48,2.82,3.62,4175.00,-57.29,90.32,31.35,2.82
2019-07-27 00:00:00 UTC,1.43,2.51,3.02,5615.00,-58.35,88.59,32.89,2.51,
2019-07-27 00:00:00 UTC,1.43,2.51,3.02,5615.00,-58.35,88.59,32.89,2.51
2019-07-28 00:00:00 UTC,1.01,1.82,2.19,7054.93,-58.68,87.76,31.64,1.82,
2019-07-28 00:00:00 UTC,1.01,1.82,2.19,7054.93,-58.68,87.76,31.64,1.82
2019-07-29 00:00:00 UTC,1.01,1.84,2.20,8495.00,-58.78,87.73,30.25,1.84,
2019-07-29 00:00:00 UTC,1.01,1.84,2.20,8495.00,-58.78,87.73,30.25,1.84
2019-07-30 00:00:00 UTC,1.29,2.31,2.85,9935.00,-58.75,87.95,31.05,2.31,
2019-07-30 00:00:00 UTC,1.29,2.31,2.85,9935.00,-58.75,87.95,31.05,2.31
2019-07-31 00:00:00 UTC,1.96,3.20,3.64,11375.00,-58.69,87.31,31.56,3.20,
2019-07-31 00:00:00 UTC,1.96,3.20,3.64,11375.00,-58.69,87.31,31.56,3.20
2019-08-01 00:00:00 UTC,2.33,3.77,4.29,12815.00,-58.81,87.20,31.80,3.77,
2019-08-01 00:00:00 UTC,2.33,3.77,4.29,12815.00,-58.81,87.20,31.80,3.77
2019-08-02 00:00:00 UTC,3.03,4.89,5.58,14255.00,-58.68,87.98,32.58,4.89,
2019-08-02 00:00:00 UTC,3.03,4.89,5.58,14255.00,-58.68,87.98,32.58,4.89
2019-08-03 00:00:00 UTC,6.17,9.86,11.51,15695.00,-60.40,87.58,31.04,9.41,
2019-08-03 00:00:00 UTC,6.17,9.86,11.51,15695.00,-60.40,87.58,31.04,9.41
2019-08-04 00:00:00 UTC,3.88,6.16,7.10,17135.00,-58.91,87.54,31.38,6.16,
2019-08-04 00:00:00 UTC,3.88,6.16,7.10,17135.00,-58.91,87.54,31.38,6.16
2019-08-05 00:00:00 UTC,1.65,2.97,3.58,18575.00,-58.41,87.58,30.59,2.97,
2019-08-05 00:00:00 UTC,1.65,2.97,3.58,18575.00,-58.41,87.58,30.59,2.97
2019-08-06 00:00:00 UTC,1.04,1.99,2.54,20015.00,-62.92,87.23,30.53,1.99,
2019-08-06 00:00:00 UTC,1.04,1.99,2.54,20015.00,-62.92,87.23,30.53,1.99
2019-08-07 00:00:00 UTC,0.61,1.31,1.74,21455.00,-63.38,86.52,30.46,1.31,
2019-08-07 00:00:00 UTC,0.61,1.31,1.74,21455.00,-63.38,86.52,30.46,1.31
2019-08-08 00:00:00 UTC,12.04,19.74,23.43,22894.55,-57.90,86.64,31.23,14.22,
2019-08-08 00:00:00 UTC,12.04,19.74,23.43,22894.55,-57.90,86.64,31.23,14.22
2019-08-09 00:00:00 UTC,2.08,3.78,4.85,24335.84,-58.47,88.06,33.78,3.49,
2019-08-09 00:00:00 UTC,2.08,3.78,4.85,24335.84,-58.47,88.06,33.78,3.49
2019-08-10 00:00:00 UTC,0.58,1.49,2.23,25773.58,-60.27,87.60,32.14,1.49,
2019-08-10 00:00:00 UTC,0.58,1.49,2.23,25773.58,-60.27,87.60,32.14,1.49
2019-08-11 00:00:00 UTC,0.47,1.14,1.61,27215.00,-60.20,86.57,30.74,1.14,
2019-08-11 00:00:00 UTC,0.47,1.14,1.61,27215.00,-60.20,86.57,30.74,1.14
2019-08-12 00:00:00 UTC,0.67,1.32,1.62,28655.67,-59.93,85.71,29.88,1.32,
2019-08-12 00:00:00 UTC,0.67,1.32,1.62,28655.67,-59.93,85.71,29.88,1.32
2019-08-13 00:00:00 UTC,0.56,1.19,1.51,30095.00,-61.17,85.06,28.52,1.19,
2019-08-13 00:00:00 UTC,0.56,1.19,1.51,30095.00,-61.17,85.06,28.52,1.19
2019-08-14 00:00:00 UTC,0.71,1.40,1.73,31535.00,-58.56,84.90,30.57,1.40,
2019-08-14 00:00:00 UTC,0.71,1.40,1.73,31535.00,-58.56,84.90,30.57,1.40
2019-08-15 00:00:00 UTC,0.75,1.50,1.94,32976.57,-62.42,84.77,31.53,1.50,
2019-08-15 00:00:00 UTC,0.75,1.50,1.94,32976.57,-62.42,84.77,31.53,1.50
2019-08-16 00:00:00 UTC,0.65,1.31,1.69,34415.00,-62.09,84.01,31.45,1.31,
2019-08-16 00:00:00 UTC,0.65,1.31,1.69,34415.00,-62.09,84.01,31.45,1.31
2019-08-17 00:00:00 UTC,0.50,1.20,1.68,35855.71,-62.63,84.22,32.76,1.20,
2019-08-17 00:00:00 UTC,0.50,1.20,1.68,35855.71,-62.63,84.22,32.76,1.20
2019-08-18 00:00:00 UTC,0.32,0.95,1.45,37295.86,-62.83,84.76,30.99,0.95,
2019-08-18 00:00:00 UTC,0.32,0.95,1.45,37295.86,-62.83,84.76,30.99,0.95
2019-08-19 00:00:00 UTC,2.78,4.84,5.99,38735.00,-62.96,84.67,29.40,3.95,
2019-08-19 00:00:00 UTC,2.78,4.84,5.99,38735.00,-62.96,84.67,29.40,3.95
2019-08-20 00:00:00 UTC,3.75,6.74,8.42,40175.00,-62.82,84.47,27.63,5.73,
2019-08-20 00:00:00 UTC,3.75,6.74,8.42,40175.00,-62.82,84.47,27.63,5.73
2019-08-21 00:00:00 UTC,5.83,9.98,12.08,41615.44,-62.17,84.57,28.34,7.98,
2019-08-21 00:00:00 UTC,5.83,9.98,12.08,41615.44,-62.17,84.57,28.34,7.98
2019-08-22 00:00:00 UTC,4.29,7.43,8.92,22735.69,-50.09,86.64,28.97,6.38,
2019-08-22 00:00:00 UTC,4.29,7.43,8.92,22735.69,-50.09,86.64,28.97,6.38
2019-08-23 00:00:00 UTC,7.21,11.88,13.93,1399.00,-45.42,89.86,27.96,9.63,
2019-08-23 00:00:00 UTC,7.21,11.88,13.93,1399.00,-45.42,89.86,27.96,9.63
2019-08-24 00:00:00 UTC,7.55,12.35,14.62,2839.00,-42.84,88.95,24.98,10.82,
2019-08-24 00:00:00 UTC,7.55,12.35,14.62,2839.00,-42.84,88.95,24.98,10.82
2019-08-25 00:00:00 UTC,6.78,10.38,11.86,4279.00,-43.61,88.54,27.33,10.37,
2019-08-25 00:00:00 UTC,6.78,10.38,11.86,4279.00,-43.61,88.54,27.33,10.37
2019-08-26 00:00:00 UTC,10.22,16.26,18.87,5719.00,-42.61,89.06,31.43,15.88,
2019-08-26 00:00:00 UTC,10.22,16.26,18.87,5719.00,-42.61,89.06,31.43,15.88
2019-08-27 00:00:00 UTC,10.56,16.96,19.68,7159.00,-44.39,89.16,32.64,15.81,
2019-08-27 00:00:00 UTC,10.56,16.96,19.68,7159.00,-44.39,89.16,32.64,15.81
2019-08-28 00:00:00 UTC,1.56,2.66,3.19,8599.00,-42.05,91.21,28.71,2.66,
2019-08-28 00:00:00 UTC,1.56,2.66,3.19,8599.00,-42.05,91.21,28.71,2.66
2019-08-29 00:00:00 UTC,3.43,6.18,7.86,10039.00,-43.84,90.43,25.86,4.77,
2019-08-29 00:00:00 UTC,3.43,6.18,7.86,10039.00,-43.84,90.43,25.86,4.77
2019-08-30 00:00:00 UTC,2.14,3.60,4.34,11479.00,-44.98,90.45,26.98,3.60,
2019-08-30 00:00:00 UTC,2.14,3.60,4.34,11479.00,-44.98,90.45,26.98,3.60
2019-08-31 00:00:00 UTC,1.55,2.71,3.39,12919.00,-45.46,89.59,25.96,2.71,
2019-08-31 00:00:00 UTC,1.55,2.71,3.39,12919.00,-45.46,89.59,25.96,2.71
2019-09-01 00:00:00 UTC,0.82,1.57,2.15,14359.00,-46.86,87.18,22.01,1.57,
2019-09-01 00:00:00 UTC,0.82,1.57,2.15,14359.00,-46.86,87.18,22.01,1.57
2019-09-02 00:00:00 UTC,8.39,13.58,15.84,15799.00,-46.14,87.71,24.26,10.20,
2019-09-02 00:00:00 UTC,8.39,13.58,15.84,15799.00,-46.14,87.71,24.26,10.20
2019-09-03 00:00:00 UTC,4.23,7.15,8.77,14086.96,-37.96,88.66,26.67,6.06,
2019-09-03 00:00:00 UTC,4.23,7.15,8.77,14086.96,-37.96,88.66,26.67,6.06
2019-09-04 00:00:00 UTC,1.39,2.50,3.28,976.09,-38.69,88.67,25.78,2.24,
2019-09-04 00:00:00 UTC,1.39,2.50,3.28,976.09,-38.69,88.67,25.78,2.24
2019-09-05 00:00:00 UTC,1.46,2.66,3.64,2417.00,-39.22,87.16,23.45,2.50,
2019-09-05 00:00:00 UTC,1.46,2.66,3.64,2417.00,-39.22,87.16,23.45,2.50
2019-09-06 00:00:00 UTC,1.11,2.12,2.94,3857.00,-39.85,85.23,25.90,2.12,
2019-09-06 00:00:00 UTC,1.11,2.12,2.94,3857.00,-39.85,85.23,25.90,2.12
2019-09-07 00:00:00 UTC,10.44,17.13,20.15,5297.00,-39.71,83.70,25.64,12.50,
2019-09-07 00:00:00 UTC,10.44,17.13,20.15,5297.00,-39.71,83.70,25.64,12.50
2019-09-08 00:00:00 UTC,2.78,4.39,5.22,6737.00,-39.39,83.74,23.60,4.16,
2019-09-08 00:00:00 UTC,2.78,4.39,5.22,6737.00,-39.39,83.74,23.60,4.16
2019-09-09 00:00:00 UTC,2.28,3.86,4.77,8177.00,-40.76,82.91,27.48,3.76,
2019-09-09 00:00:00 UTC,2.28,3.86,4.77,8177.00,-40.76,82.91,27.48,3.76
2019-09-10 00:00:00 UTC,10.58,17.17,20.14,9617.00,-40.04,82.76,28.81,12.57,
2019-09-10 00:00:00 UTC,10.58,17.17,20.14,9617.00,-40.04,82.76,28.81,12.57
2019-09-11 00:00:00 UTC,0.99,1.87,2.47,11056.00,-40.67,83.85,31.57,1.79,
2019-09-11 00:00:00 UTC,0.99,1.87,2.47,11056.00,-40.67,83.85,31.57,1.79
2019-09-12 00:00:00 UTC,3.62,6.12,7.36,12495.00,-40.16,86.07,32.33,4.97,
2019-09-12 00:00:00 UTC,3.62,6.12,7.36,12495.00,-40.16,86.07,32.33,4.97
2019-09-13 00:00:00 UTC,2.34,4.04,5.00,13935.00,-39.84,87.93,26.14,3.28,
2019-09-13 00:00:00 UTC,2.34,4.04,5.00,13935.00,-39.84,87.93,26.14,3.28
2019-09-14 00:00:00 UTC,2.09,3.62,4.63,15375.00,-41.50,87.14,23.45,3.62,
2019-09-14 00:00:00 UTC,2.09,3.62,4.63,15375.00,-41.50,87.14,23.45,3.62
2019-09-15 00:00:00 UTC,2.85,4.80,5.95,16815.00,-42.57,88.01,26.79,4.51,
2019-09-15 00:00:00 UTC,2.85,4.80,5.95,16815.00,-42.57,88.01,26.79,4.51
2019-09-16 00:00:00 UTC,2.50,4.37,5.45,18255.00,-40.90,87.06,31.31,4.37,
2019-09-16 00:00:00 UTC,2.50,4.37,5.45,18255.00,-40.90,87.06,31.31,4.37
2019-09-17 00:00:00 UTC,2.03,3.44,4.31,19695.00,-40.65,87.15,25.48,1.52,
2019-09-17 00:00:00 UTC,2.03,3.44,4.31,19695.00,-40.65,87.15,25.48,1.52
2019-09-18 00:00:00 UTC,32.22,55.86,65.54,21135.00,-40.07,86.37,22.82,38.11,
2019-09-18 00:00:00 UTC,32.22,55.86,65.54,21135.00,-40.07,86.37,22.82,38.11
2019-09-19 00:00:00 UTC,2.70,4.52,5.55,22575.00,-39.72,87.51,23.99,4.34,
2019-09-19 00:00:00 UTC,2.70,4.52,5.55,22575.00,-39.72,87.51,23.99,4.34
2019-09-20 00:00:00 UTC,2.05,3.72,4.81,24015.00,-39.54,87.28,22.28,3.33,
2019-09-20 00:00:00 UTC,2.05,3.72,4.81,24015.00,-39.54,87.28,22.28,3.33
2019-09-21 00:00:00 UTC,4.46,7.35,9.02,25455.00,-38.16,88.78,22.93,6.67,
2019-09-21 00:00:00 UTC,4.46,7.35,9.02,25455.00,-38.16,88.78,22.93,6.67
2019-09-22 00:00:00 UTC,2.56,4.32,5.42,26895.00,-38.58,87.92,29.06,4.30,
2019-09-22 00:00:00 UTC,2.56,4.32,5.42,26895.00,-38.58,87.92,29.06,4.30
2019-09-23 00:00:00 UTC,0.67,1.25,1.69,28335.00,-40.00,87.40,29.35,1.18,
2019-09-23 00:00:00 UTC,0.67,1.25,1.69,28335.00,-40.00,87.40,29.35,1.18
2019-09-24 00:00:00 UTC,0.75,1.41,2.00,29775.00,-39.64,86.68,34.40,1.41,
2019-09-24 00:00:00 UTC,0.75,1.41,2.00,29775.00,-39.64,86.68,34.40,1.41
2019-09-25 00:00:00 UTC,2.26,3.41,3.91,31215.00,-38.41,86.42,33.11,2.96,
2019-09-25 00:00:00 UTC,2.26,3.41,3.91,31215.00,-38.41,86.42,33.11,2.96
2019-09-26 00:00:00 UTC,3.49,5.88,7.01,32655.00,-39.12,87.14,31.27,4.61,
2019-09-26 00:00:00 UTC,3.49,5.88,7.01,32655.00,-39.12,87.14,31.27,4.61
2019-09-27 00:00:00 UTC,0.29,0.92,1.61,34094.27,-38.40,85.63,30.81,0.92,
2019-09-27 00:00:00 UTC,0.29,0.92,1.61,34094.27,-38.40,85.63,30.81,0.92
2019-09-28 00:00:00 UTC,4.32,7.37,9.09,35535.94,-38.32,85.54,31.25,6.01,
2019-09-28 00:00:00 UTC,4.32,7.37,9.09,35535.94,-38.32,85.54,31.25,6.01
2019-09-29 00:00:00 UTC,2.64,4.30,5.17,36975.00,-38.43,85.90,33.28,3.88,
2019-09-29 00:00:00 UTC,2.64,4.30,5.17,36975.00,-38.43,85.90,33.28,3.88
2019-09-30 00:00:00 UTC,5.88,9.08,10.34,38415.85,-36.64,84.53,32.44,6.89,
2019-09-30 00:00:00 UTC,5.88,9.08,10.34,38415.85,-36.64,84.53,32.44,6.89
2019-10-01 00:00:00 UTC,13.17,21.33,24.70,39855.84,-37.71,84.52,33.88,15.77,
2019-10-01 00:00:00 UTC,13.17,21.33,24.70,39855.84,-37.71,84.52,33.88,15.77
2019-10-02 00:00:00 UTC,2.22,3.81,4.78,41294.93,-37.19,82.83,27.50,3.56,
2019-10-02 00:00:00 UTC,2.22,3.81,4.78,41294.93,-37.19,82.83,27.50,3.56
2019-10-03 00:00:00 UTC,7.39,11.77,13.43,42735.00,-39.24,79.99,28.25,10.12,
2019-10-03 00:00:00 UTC,7.39,11.77,13.43,42735.00,-39.24,79.99,28.25,10.12
2019-10-04 00:00:00 UTC,23.36,38.89,46.05,44175.00,-43.07,79.98,32.17,27.90,
2019-10-04 00:00:00 UTC,23.36,38.89,46.05,44175.00,-43.07,79.98,32.17,27.90
2019-10-05 00:00:00 UTC,5.82,9.38,11.12,45615.04,-42.93,80.25,33.96,7.57,
2019-10-05 00:00:00 UTC,5.82,9.38,11.12,45615.04,-42.93,80.25,33.96,7.57
2019-10-06 00:00:00 UTC,3.87,7.17,9.18,47055.00,-43.86,82.02,33.17,6.27,
2019-10-06 00:00:00 UTC,3.87,7.17,9.18,47055.00,-43.86,82.02,33.17,6.27
2019-10-07 00:00:00 UTC,2.56,4.81,6.23,48495.00,-44.02,81.62,33.87,4.14,
2019-10-07 00:00:00 UTC,2.56,4.81,6.23,48495.00,-44.02,81.62,33.87,4.14
2019-10-08 00:00:00 UTC,10.06,16.69,19.99,49935.00,-48.28,82.61,34.69,12.60,
2019-10-08 00:00:00 UTC,10.06,16.69,19.99,49935.00,-48.28,82.61,34.69,12.60
2019-10-09 00:00:00 UTC,0.74,1.59,2.33,991.20,-49.89,82.39,32.36,1.59,
2019-10-09 00:00:00 UTC,0.74,1.59,2.33,991.20,-49.89,82.39,32.36,1.59
2019-10-10 00:00:00 UTC,3.13,5.30,6.44,2133.00,-50.87,81.46,31.73,4.73,
2019-10-10 00:00:00 UTC,3.13,5.30,6.44,2133.00,-50.87,81.46,31.73,4.73
2019-10-11 00:00:00 UTC,0.85,1.55,2.07,3573.00,-51.31,82.22,35.40,1.55,
2019-10-11 00:00:00 UTC,0.85,1.55,2.07,3573.00,-51.31,82.22,35.40,1.55
2019-10-12 00:00:00 UTC,4.24,7.27,8.75,5013.00,-45.03,80.83,34.22,5.78,
2019-10-12 00:00:00 UTC,4.24,7.27,8.75,5013.00,-45.03,80.83,34.22,5.78
2019-10-13 00:00:00 UTC,1.61,2.74,3.38,6453.00,-44.88,80.64,35.43,2.45,
2019-10-13 00:00:00 UTC,1.61,2.74,3.38,6453.00,-44.88,80.64,35.43,2.45
2019-10-14 00:00:00 UTC,0.66,1.39,1.88,7889.03,-43.63,78.98,36.90,1.39,
2019-10-14 00:00:00 UTC,0.66,1.39,1.88,7889.03,-43.63,78.98,36.90,1.39
2019-10-15 00:00:00 UTC,0.69,1.33,1.79,930.76,-43.90,79.99,36.48,1.33,
2019-10-15 00:00:00 UTC,0.69,1.33,1.79,930.76,-43.90,79.99,36.48,1.33
2019-10-16 00:00:00 UTC,0.97,1.72,2.27,2117.00,-41.50,80.08,35.22,1.72,
2019-10-16 00:00:00 UTC,0.97,1.72,2.27,2117.00,-41.50,80.08,35.22,1.72
2019-10-17 00:00:00 UTC,2.74,4.96,6.37,3557.00,-44.37,79.29,34.45,4.34,
2019-10-17 00:00:00 UTC,2.74,4.96,6.37,3557.00,-44.37,79.29,34.45,4.34
2019-10-18 00:00:00 UTC,2.13,3.52,4.42,5000.96,-40.32,79.76,34.62,3.29,
2019-10-18 00:00:00 UTC,2.13,3.52,4.42,5000.96,-40.32,79.76,34.62,3.29
2019-10-19 00:00:00 UTC,2.92,4.63,5.55,6437.00,-40.00,79.84,34.21,4.54,
2019-10-19 00:00:00 UTC,2.92,4.63,5.55,6437.00,-40.00,79.84,34.21,4.54
2019-10-20 00:00:00 UTC,8.82,14.21,16.50,7877.00,-39.98,79.40,33.48,11.42,
2019-10-20 00:00:00 UTC,8.82,14.21,16.50,7877.00,-39.98,79.40,33.48,11.42
2019-10-21 00:00:00 UTC,8.72,13.52,15.48,9317.00,-39.92,79.61,34.05,10.93,
2019-10-21 00:00:00 UTC,8.72,13.52,15.48,9317.00,-39.92,79.61,34.05,10.93
2019-10-22 00:00:00 UTC,3.59,6.21,7.66,10757.00,-42.55,79.84,32.88,5.76,
2019-10-22 00:00:00 UTC,3.59,6.21,7.66,10757.00,-42.55,79.84,32.88,5.76
2019-10-23 00:00:00 UTC,4.89,8.14,9.99,12197.00,-39.57,79.08,32.52,7.97,
2019-10-23 00:00:00 UTC,4.89,8.14,9.99,12197.00,-39.57,79.08,32.52,7.97
2019-10-24 00:00:00 UTC,6.82,10.96,12.81,13637.00,-37.27,79.24,33.87,9.90,
2019-10-24 00:00:00 UTC,6.82,10.96,12.81,13637.00,-37.27,79.24,33.87,9.90
2019-10-25 00:00:00 UTC,8.61,15.15,18.40,15077.00,-36.92,79.29,35.02,11.13,
2019-10-25 00:00:00 UTC,8.61,15.15,18.40,15077.00,-36.92,79.29,35.02,11.13
2019-10-26 00:00:00 UTC,5.13,8.59,10.42,16517.00,-38.88,80.53,37.21,7.33,
2019-10-26 00:00:00 UTC,5.13,8.59,10.42,16517.00,-38.88,80.53,37.21,7.33
2019-10-27 00:00:00 UTC,3.07,5.03,6.26,17957.86,-40.22,81.53,32.46,4.83,
2019-10-27 00:00:00 UTC,3.07,5.03,6.26,17957.86,-40.22,81.53,32.46,4.83,
2019-10-28 00:00:00 UTC,2.48,4.22,5.30,19397.00,-37.18,79.18,30.52,4.22,
2019-10-29 00:00:00 UTC,13.32,22.83,27.48,20837.00,-38.45,77.94,31.06,17.12,
2019-10-30 00:00:00 UTC,2.92,4.87,5.95,22277.94,-39.72,78.91,31.00,4.81,
2019-10-31 00:00:00 UTC,8.03,13.12,15.67,23717.00,-39.27,79.50,30.94,11.52,
2019-11-01 00:00:00 UTC,6.62,10.56,12.37,25157.89,-38.56,80.14,33.54,9.59,
2019-11-02 00:00:00 UTC,2.38,4.19,5.26,26597.00,-37.26,80.36,34.11,3.57,
2019-11-03 00:00:00 UTC,6.64,10.41,12.08,28037.00,-36.43,79.92,33.89,8.25,
2019-11-04 00:00:00 UTC,8.93,15.09,18.33,29477.00,-37.84,79.72,34.96,12.97,
2019-11-05 00:00:00 UTC,19.12,31.20,36.32,30917.00,-36.52,81.43,33.96,24.32,
2019-11-06 00:00:00 UTC,7.54,11.72,13.69,19271.16,-39.93,79.17,31.24,10.60,
2019-11-07 00:00:00 UTC,1.51,2.81,3.83,1281.00,-44.56,81.05,31.24,2.81,
2019-11-08 00:00:00 UTC,6.99,11.25,13.15,2721.00,-44.06,78.01,30.66,10.13,
2019-11-09 00:00:00 UTC,11.83,18.19,20.84,4161.00,-44.10,78.32,30.96,15.10,
2019-11-10 00:00:00 UTC,4.55,7.60,9.21,5600.00,-42.71,79.26,31.78,6.90,
2019-11-11 00:00:00 UTC,1.12,2.07,2.79,7039.00,-43.18,78.37,30.92,2.07,
2019-11-12 00:00:00 UTC,5.51,8.63,10.14,8479.00,-43.87,78.17,29.58,7.08,
2019-11-13 00:00:00 UTC,0.71,1.43,1.96,9919.00,-43.32,76.08,31.78,1.43,
2019-11-14 00:00:00 UTC,8.55,13.05,14.73,11359.00,-43.52,78.45,30.77,10.35,
2019-11-15 00:00:00 UTC,11.45,18.97,22.58,12799.00,-44.17,77.66,31.57,15.41,
2019-11-16 00:00:00 UTC,7.84,12.73,15.31,14239.00,-41.85,76.59,34.22,11.82,
2019-11-17 00:00:00 UTC,4.02,6.49,7.84,15679.00,-41.75,77.92,32.03,6.49,
2019-11-18 00:00:00 UTC,4.32,6.51,7.44,17119.00,-42.50,79.45,31.71,5.98,
2019-11-19 00:00:00 UTC,14.13,25.01,31.38,18559.00,-42.20,76.81,29.65,18.40,
2019-11-20 00:00:00 UTC,10.44,16.94,19.94,19999.00,-42.22,74.81,29.48,13.67,
2019-11-21 00:00:00 UTC,5.15,8.46,10.21,21439.00,-41.49,76.39,29.58,8.46,
2019-11-22 00:00:00 UTC,2.02,3.29,4.08,22879.00,-41.12,77.56,31.34,3.29,
2019-11-23 00:00:00 UTC,14.60,23.54,27.35,24319.00,-41.52,78.52,32.01,17.23,
2019-11-24 00:00:00 UTC,10.81,17.19,20.07,25759.00,-41.91,78.99,34.99,13.97,
2019-11-25 00:00:00 UTC,5.84,9.00,10.34,27199.00,-41.63,79.16,33.90,7.66,
2019-11-26 00:00:00 UTC,9.74,16.73,20.40,28638.44,-41.68,78.46,36.20,13.07,
2019-11-27 00:00:00 UTC,4.14,6.07,7.06,30082.69,-42.53,80.31,34.95,5.34,
2019-11-28 00:00:00 UTC,1.28,2.34,3.10,31519.00,-44.56,80.22,34.23,2.34,
2019-11-29 00:00:00 UTC,5.02,8.04,9.63,32959.00,-48.23,80.63,31.91,7.69,
2019-11-30 00:00:00 UTC,3.84,6.12,7.39,34399.00,-48.03,77.10,28.21,6.12,
2019-12-01 00:00:00 UTC,5.46,8.47,9.87,35838.28,-51.23,76.62,29.35,7.45,
2019-12-02 00:00:00 UTC,11.03,17.33,20.25,37279.00,-51.61,76.94,28.07,14.24,
2019-12-03 00:00:00 UTC,4.41,6.86,8.20,38719.00,-48.78,76.57,30.32,6.83,
2019-12-04 00:00:00 UTC,7.23,11.49,13.51,40159.00,-45.99,78.27,29.06,10.26,
2019-12-05 00:00:00 UTC,3.09,5.00,6.16,41598.11,-45.13,78.17,28.38,5.00,
2019-12-06 00:00:00 UTC,7.14,12.26,15.14,43038.73,-47.74,79.53,31.78,9.35,
2019-12-07 00:00:00 UTC,0.59,1.37,1.98,44478.96,-48.61,79.00,32.49,1.37,
2019-12-08 00:00:00 UTC,5.49,8.67,10.20,45919.00,-47.02,78.45,33.04,6.85,
2019-12-09 00:00:00 UTC,7.47,11.69,13.48,47359.00,-46.80,80.77,29.89,9.01,
2019-12-10 00:00:00 UTC,4.47,7.69,9.49,48790.69,-45.91,78.63,31.49,6.64,
2019-12-11 00:00:00 UTC,0.48,1.19,1.81,50240.57,-46.84,79.40,31.18,1.19,
2019-12-12 00:00:00 UTC,11.94,19.13,22.23,51679.94,-44.94,78.22,30.01,13.67,
2019-12-13 00:00:00 UTC,0.73,1.58,2.23,53119.00,-45.83,78.87,30.08,1.58,
2019-12-14 00:00:00 UTC,0.20,0.69,1.14,54559.00,-46.47,75.24,29.03,0.69,
2019-12-15 00:00:00 UTC,7.75,12.98,15.62,55999.00,-45.11,76.17,30.97,10.49,
2019-12-16 00:00:00 UTC,6.89,11.05,13.08,57439.00,-45.43,76.99,32.23,8.68,
2019-12-17 00:00:00 UTC,4.19,6.70,7.94,58879.00,-45.88,77.49,31.39,6.43,
2019-12-18 00:00:00 UTC,1.73,2.97,3.75,60319.00,-45.70,77.66,31.07,2.97,
2019-12-19 00:00:00 UTC,4.00,6.14,7.32,61759.00,-46.12,78.90,34.35,5.94,
2019-12-20 00:00:00 UTC,17.51,26.92,30.89,63199.00,-44.55,79.92,33.60,20.15,
2019-12-21 00:00:00 UTC,1.03,2.18,3.43,64637.05,-43.28,82.68,32.42,2.02,
2019-12-22 00:00:00 UTC,3.51,6.05,7.63,66079.82,-42.91,82.04,32.97,5.60,
2019-12-23 00:00:00 UTC,1.84,3.32,4.44,67519.00,-43.54,82.04,31.85,3.30,
2019-12-24 00:00:00 UTC,1.20,2.51,3.70,29388.52,-43.93,81.18,32.92,2.51,
2019-12-25 00:00:00 UTC,1.09,2.22,3.17,1542.70,-43.67,80.32,30.95,2.22,
2019-12-26 00:00:00 UTC,1.44,2.56,3.31,2983.39,-43.94,79.31,31.45,2.56,
2019-12-27 00:00:00 UTC,2.51,4.46,5.61,4423.00,-45.32,80.28,32.03,4.45,
2019-12-28 00:00:00 UTC,1.80,3.10,3.83,5863.00,-43.39,81.32,31.51,3.10,
2019-12-29 00:00:00 UTC,5.00,8.18,9.71,7303.00,-42.62,81.77,32.59,7.73,
2019-12-30 00:00:00 UTC,6.42,10.60,12.67,8743.00,-41.95,80.93,31.07,9.69,
2019-12-31 00:00:00 UTC,4.12,6.66,8.05,10183.00,-42.06,80.16,31.37,6.66,
2020-01-01 00:00:00 UTC,10.56,17.47,20.84,11623.00,-40.97,80.18,31.35,16.72,
2020-01-02 00:00:00 UTC,2.35,4.05,5.14,13063.00,-41.07,80.32,32.00,4.05,
2020-01-03 00:00:00 UTC,0.62,1.43,2.22,14503.00,-40.63,80.81,32.19,1.43,
2020-01-04 00:00:00 UTC,3.81,5.80,6.85,15943.00,-41.95,80.30,31.02,5.44,
2020-01-05 00:00:00 UTC,8.15,13.50,16.11,17383.00,-42.83,81.79,31.98,10.76,
2020-01-06 00:00:00 UTC,8.23,13.50,15.97,18823.00,-42.42,80.97,32.47,11.16,
2020-01-07 00:00:00 UTC,1.54,2.83,3.84,20260.71,-43.65,80.81,33.84,2.83,
2020-01-08 00:00:00 UTC,1.88,3.69,5.12,21707.47,-44.28,81.01,32.90,3.69,
2020-01-09 00:00:00 UTC,1.76,2.87,3.64,23118.00,-45.22,81.50,32.31,2.85,
2020-01-10 00:00:00 UTC,2.29,3.46,4.16,24596.00,-46.78,81.35,30.63,3.46,
2020-01-11 00:00:00 UTC,0.38,1.17,1.92,26023.00,-47.31,79.42,31.05,1.17,
2020-01-12 00:00:00 UTC,5.04,7.77,9.12,27463.00,-46.96,81.25,30.80,6.39,
2020-01-13 00:00:00 UTC,10.36,17.23,20.58,28899.20,-44.27,80.35,31.77,12.41,
2020-01-14 00:00:00 UTC,1.29,2.50,3.36,30341.60,-46.66,80.54,31.72,2.47,
2020-01-15 00:00:00 UTC,0.26,0.65,1.09,31783.75,-47.74,80.83,31.25,0.65,
2020-01-16 00:00:00 UTC,7.66,12.29,14.75,33223.00,-43.88,80.47,29.82,9.19,
2020-01-17 00:00:00 UTC,1.51,2.83,3.81,34663.55,-45.98,80.05,31.82,2.83,
2020-01-18 00:00:00 UTC,3.06,4.94,6.22,36103.00,-42.57,80.87,29.26,4.77,
2020-01-19 00:00:00 UTC,3.44,5.70,7.02,37543.00,-42.85,78.81,28.20,5.70,
2020-01-20 00:00:00 UTC,5.35,8.49,10.29,38983.00,-45.34,78.95,27.26,8.49,
2020-01-21 00:00:00 UTC,7.30,11.80,14.05,40423.00,-43.65,78.20,26.20,11.08,
2020-01-22 00:00:00 UTC,26.94,45.42,54.67,41863.00,-43.08,78.81,28.62,32.61,
2020-01-23 00:00:00 UTC,3.51,6.05,7.49,43303.00,-43.44,79.27,28.92,6.04,
2020-01-24 00:00:00 UTC,2.69,4.88,6.50,44743.00,-43.97,79.32,30.30,4.78,
2020-01-25 00:00:00 UTC,3.19,5.67,7.41,46183.00,-46.99,81.42,30.92,5.67,
2020-01-26 00:00:00 UTC,6.35,10.43,12.55,47623.91,-47.81,80.58,31.87,8.95,
2020-01-27 00:00:00 UTC,1.26,2.17,2.83,49063.00,-47.42,80.60,31.30,2.14,
2020-01-28 00:00:00 UTC,0.81,1.60,2.26,50489.61,-45.54,81.07,29.20,1.57,
2020-01-29 00:00:00 UTC,0.50,1.30,2.08,51943.81,-40.92,80.94,28.29,1.30,
2020-01-30 00:00:00 UTC,5.98,9.74,11.61,53382.51,-40.58,78.70,30.50,7.80,
2020-01-31 00:00:00 UTC,2.49,4.32,5.47,54823.00,-43.20,80.23,32.18,4.27,
2020-02-01 00:00:00 UTC,8.26,14.14,17.48,56263.00,-42.82,82.06,31.00,11.26,
2020-02-02 00:00:00 UTC,1.84,3.53,4.78,57703.00,-40.17,79.44,30.83,3.53,
2020-02-03 00:00:00 UTC,21.11,42.63,54.52,59143.00,-45.37,81.41,31.09,30.01,
2020-02-04 00:00:00 UTC,6.23,11.34,14.73,60583.00,-43.97,79.09,28.41,8.85,
2020-02-05 00:00:00 UTC,1.69,3.18,4.25,62023.00,-44.72,79.02,28.64,3.18,
2020-02-06 00:00:00 UTC,4.62,7.48,9.08,63463.00,-44.38,78.74,27.34,7.34,
2020-02-07 00:00:00 UTC,4.10,6.70,8.28,64903.00,-42.67,78.73,27.22,6.70,
2020-02-08 00:00:00 UTC,19.56,32.32,38.33,66343.00,-43.21,79.26,28.78,24.90,
2020-02-09 00:00:00 UTC,4.48,7.58,9.49,67783.00,-44.91,79.91,31.49,6.93,
2020-02-10 00:00:00 UTC,0.95,1.98,2.81,69223.00,-46.49,79.89,30.56,1.96,
2020-02-11 00:00:00 UTC,7.51,12.45,15.08,70663.05,-46.05,79.36,27.23,9.68,
2020-02-12 00:00:00 UTC,1.50,2.77,3.66,10462.08,-45.34,78.70,27.04,2.67,
2020-02-13 00:00:00 UTC,5.64,9.26,11.33,1960.00,-43.39,76.80,28.71,7.42,
2020-02-14 00:00:00 UTC,8.99,15.95,20.20,3400.00,-43.02,77.82,28.99,11.79,
2020-02-15 00:00:00 UTC,1.21,2.35,3.28,4839.00,-43.50,79.86,32.54,2.31,
2020-02-16 00:00:00 UTC,7.28,11.49,13.71,6278.00,-43.72,81.03,31.49,9.09,
2020-02-17 00:00:00 UTC,1.51,3.21,4.57,7705.25,-43.77,80.44,30.89,2.91,
2020-02-18 00:00:00 UTC,7.52,11.95,14.15,9157.73,-43.64,79.58,30.15,9.57,
2020-02-19 00:00:00 UTC,0.98,1.86,2.60,10598.00,-45.92,77.34,29.82,1.86,
2020-02-20 00:00:00 UTC,1.53,2.82,3.87,12038.00,-45.50,79.32,30.43,2.69,
2020-02-21 00:00:00 UTC,9.93,17.27,21.33,13478.00,-45.49,78.28,30.30,12.45,
2020-02-22 00:00:00 UTC,0.30,1.13,1.86,14918.00,-43.76,79.64,30.49,1.13,
2020-02-23 00:00:00 UTC,1.08,1.88,2.53,16358.00,-43.08,79.61,31.18,1.86,
2020-02-24 00:00:00 UTC,4.71,7.34,8.51,17798.00,-42.12,79.37,32.54,5.97,
2020-02-25 00:00:00 UTC,6.00,9.95,12.03,19238.00,-45.72,80.48,30.70,7.88,
2020-02-26 00:00:00 UTC,6.05,11.05,14.52,20678.00,-46.51,80.81,28.74,8.33,
2020-02-27 00:00:00 UTC,0.83,1.79,2.51,22118.00,-48.67,80.28,27.19,1.79,
2020-02-28 00:00:00 UTC,1.99,3.50,4.45,23558.00,-46.96,79.28,28.03,3.47,
2020-02-29 00:00:00 UTC,5.10,7.36,8.55,12769.42,-49.20,81.78,29.55,6.34,
2020-03-01 00:00:00 UTC,0.35,0.96,1.59,1425.00,-50.38,81.30,27.64,0.95,
2020-03-02 00:00:00 UTC,9.07,14.89,17.73,2865.00,-49.38,79.51,25.03,11.47,
2020-03-03 00:00:00 UTC,0.33,0.96,1.57,4305.00,-49.82,76.44,26.06,0.96,
2020-03-04 00:00:00 UTC,2.15,3.36,4.10,5564.17,-47.58,77.79,26.79,3.27,
2020-03-05 00:00:00 UTC,1.46,2.79,3.64,593.23,-49.07,78.79,27.14,2.77,
2020-03-06 00:00:00 UTC,2.43,4.28,5.57,899.00,-48.32,78.94,27.42,4.28,
2020-03-07 00:00:00 UTC,6.52,11.00,13.36,2339.00,-48.57,78.47,28.70,8.56,
2020-03-08 00:00:00 UTC,9.85,16.85,20.61,3779.00,-47.42,79.85,29.84,12.50,
2020-03-09 00:00:00 UTC,9.09,14.68,17.42,5219.00,-46.83,78.84,29.68,11.34,
2020-03-10 00:00:00 UTC,0.21,0.58,1.05,6658.35,-48.93,80.02,30.92,0.58,
2020-03-11 00:00:00 UTC,2.99,4.40,5.30,8099.00,-48.68,81.91,30.59,4.10,
2020-03-12 00:00:00 UTC,1.78,3.11,4.08,9539.00,-43.78,80.60,28.50,3.05,
2020-03-13 00:00:00 UTC,0.81,1.83,2.72,10979.00,-44.31,79.03,28.32,1.81,
2020-03-14 00:00:00 UTC,22.15,38.08,46.07,12419.00,-45.41,78.15,29.51,27.41,
2020-03-15 00:00:00 UTC,6.99,11.79,14.34,11583.07,-44.99,79.96,29.97,9.75,
2020-03-16 00:00:00 UTC,2.29,3.97,4.99,949.00,-44.00,81.48,28.17,3.52,
2020-03-17 00:00:00 UTC,0.38,0.95,1.48,2389.00,-44.82,79.91,29.46,0.95,
2020-03-18 00:00:00 UTC,0.95,1.85,2.51,3829.00,-45.01,81.12,31.10,1.81,
2020-03-19 00:00:00 UTC,3.00,5.22,6.46,5269.00,-42.87,78.53,30.43,4.85,
2020-03-20 00:00:00 UTC,0.90,1.87,2.64,6708.17,-42.47,79.68,29.82,1.87,
2020-03-21 00:00:00 UTC,0.47,1.05,1.67,8149.00,-48.83,80.13,27.69,1.05,
2020-03-22 00:00:00 UTC,42.55,64.25,70.51,7264.82,-48.33,81.27,25.78,45.52,
2020-03-23 00:00:00 UTC,4.08,2.78,9.34,1051.00,-48.21,81.94,25.09,6.62,
2020-03-24 00:00:00 UTC,3.72,5.92,7.20,2490.43,-44.91,82.58,25.64,5.88,
2020-03-25 00:00:00 UTC,3.29,5.39,6.75,3931.00,-44.74,83.14,25.19,5.39,
2020-03-26 00:00:00 UTC,3.78,6.24,7.80,5371.54,-45.27,82.69,23.71,6.24,
2020-03-27 00:00:00 UTC,10.14,15.13,17.41,6811.00,-47.90,82.32,23.82,14.05,
2020-03-28 00:00:00 UTC,7.39,12.34,15.00,8252.61,-46.43,79.96,25.49,10.93,
2020-03-29 00:00:00 UTC,0.48,1.29,2.16,9691.00,-43.68,80.54,25.17,1.28
2020-03-30 00:00:00 UTC,2.83,4.66,5.74,11131.96,-43.23,78.30,25.80,4.38,
2020-03-30 00:00:00 UTC,2.83,4.66,5.74,11131.96,-43.23,78.30,25.80,4.38
2020-03-31 00:00:00 UTC,3.99,7.20,9.26,12571.00,-44.10,79.03,26.48,5.81,
2020-03-31 00:00:00 UTC,3.99,7.20,9.26,12571.00,-44.10,79.03,26.48,5.81
2020-04-01 00:00:00 UTC,5.50,9.25,11.41,14011.00,-42.55,77.77,26.07,7.76,
2020-04-01 00:00:00 UTC,5.50,9.25,11.41,14011.00,-42.55,77.77,26.07,7.76
2020-04-02 00:00:00 UTC,0.59,1.40,2.02,15451.00,-43.93,80.54,27.47,1.40,
2020-04-02 00:00:00 UTC,0.59,1.40,2.02,15451.00,-43.93,80.54,27.47,1.40
2020-04-03 00:00:00 UTC,3.58,5.47,6.49,16891.00,-43.89,80.66,27.32,5.19,
2020-04-03 00:00:00 UTC,3.58,5.47,6.49,16891.00,-43.89,80.66,27.32,5.19
2020-04-04 00:00:00 UTC,3.51,5.95,7.50,18330.79,-43.43,81.26,26.43,5.68,
2020-04-04 00:00:00 UTC,3.51,5.95,7.50,18330.79,-43.43,81.26,26.43,5.68
2020-04-05 00:00:00 UTC,4.45,7.40,8.97,19771.00,-44.19,82.77,23.92,7.01,
2020-04-05 00:00:00 UTC,4.45,7.40,8.97,19771.00,-44.19,82.77,23.92,7.01
2020-04-06 00:00:00 UTC,0.60,1.50,2.35,21211.00,-44.31,84.33,25.72,1.50,
2020-04-06 00:00:00 UTC,0.60,1.50,2.35,21211.00,-44.31,84.33,25.72,1.50
2020-04-07 00:00:00 UTC,0.76,1.73,2.57,22651.76,-49.39,85.07,25.52,1.73,
2020-04-07 00:00:00 UTC,0.76,1.73,2.57,22651.76,-49.39,85.07,25.52,1.73
2020-04-08 00:00:00 UTC,2.60,4.41,5.54,24091.00,-51.43,85.86,27.00,4.41,
2020-04-08 00:00:00 UTC,2.60,4.41,5.54,24091.00,-51.43,85.86,27.00,4.41
2020-04-09 00:00:00 UTC,5.36,8.74,10.64,25529.96,-48.33,88.04,26.38,8.73,
2020-04-09 00:00:00 UTC,5.36,8.74,10.64,25529.96,-48.33,88.04,26.38,8.73
2020-04-10 00:00:00 UTC,3.71,6.06,7.48,26971.00,-48.01,88.73,24.40,6.06,
2020-04-10 00:00:00 UTC,3.71,6.06,7.48,26971.00,-48.01,88.73,24.40,6.06
2020-04-11 00:00:00 UTC,4.84,7.82,9.47,28411.92,-47.77,89.65,24.12,7.82,
2020-04-11 00:00:00 UTC,4.84,7.82,9.47,28411.92,-47.77,89.65,24.12,7.82
2020-04-12 00:00:00 UTC,6.82,10.88,12.92,29851.00,-46.47,90.34,23.70,10.46,
2020-04-12 00:00:00 UTC,6.82,10.88,12.92,29851.00,-46.47,90.34,23.70,10.46
2020-04-13 00:00:00 UTC,0.72,1.60,2.41,31291.00,-41.80,88.93,22.66,1.57,
2020-04-13 00:00:00 UTC,0.72,1.60,2.41,31291.00,-41.80,88.93,22.66,1.57
2020-04-14 00:00:00 UTC,1.03,2.18,3.00,32731.00,-43.02,87.51,21.02,2.18,
2020-04-14 00:00:00 UTC,1.03,2.18,3.00,32731.00,-43.02,87.51,21.02,2.18
2020-04-15 00:00:00 UTC,2.05,3.61,4.63,34171.00,-43.09,86.66,20.42,3.61,
2020-04-15 00:00:00 UTC,2.05,3.61,4.63,34171.00,-43.09,86.66,20.42,3.61
2020-04-16 00:00:00 UTC,3.26,5.63,7.17,35611.44,-48.37,86.41,22.97,5.62,
2020-04-16 00:00:00 UTC,3.26,5.63,7.17,35611.44,-48.37,86.41,22.97,5.62
2020-04-17 00:00:00 UTC,2.06,3.72,4.87,37051.44,-46.85,85.39,25.20,3.71,
2020-04-17 00:00:00 UTC,2.06,3.72,4.87,37051.44,-46.85,85.39,25.20,3.71
2020-04-18 00:00:00 UTC,6.01,10.21,12.58,38491.39,-45.87,83.53,26.03,8.27,
2020-04-18 00:00:00 UTC,6.01,10.21,12.58,38491.39,-45.87,83.53,26.03,8.27
2020-04-19 00:00:00 UTC,3.44,5.65,6.92,39931.00,-47.21,85.06,24.13,4.84,
2020-04-19 00:00:00 UTC,3.44,5.65,6.92,39931.00,-47.21,85.06,24.13,4.84
2020-04-20 00:00:00 UTC,0.68,1.42,2.09,41370.00,-48.13,86.72,23.73,1.42,
2020-04-20 00:00:00 UTC,0.68,1.42,2.09,41370.00,-48.13,86.72,23.73,1.42
2020-04-21 00:00:00 UTC,6.81,10.79,12.67,42809.00,-46.22,88.01,23.75,8.79,
2020-04-21 00:00:00 UTC,6.81,10.79,12.67,42809.00,-46.22,88.01,23.75,8.79
2020-04-22 00:00:00 UTC,2.27,3.96,5.07,44249.00,-48.18,88.87,23.55,3.96,
2020-04-22 00:00:00 UTC,2.27,3.96,5.07,44249.00,-48.18,88.87,23.55,3.96
2020-04-23 00:00:00 UTC,4.45,7.83,9.98,45689.21,-48.29,89.02,23.23,6.95,
2020-04-23 00:00:00 UTC,4.45,7.83,9.98,45689.21,-48.29,89.02,23.23,6.95
2020-04-24 00:00:00 UTC,4.64,7.67,9.31,47129.00,-48.53,89.67,22.51,6.94,
2020-04-24 00:00:00 UTC,4.64,7.67,9.31,47129.00,-48.53,89.67,22.51,6.94
2020-04-25 00:00:00 UTC,8.21,13.16,15.43,48569.00,-48.39,88.94,21.72,10.90,
2020-04-25 00:00:00 UTC,8.21,13.16,15.43,48569.00,-48.39,88.94,21.72,10.90
2020-04-26 00:00:00 UTC,3.51,5.72,6.85,50009.00,-47.53,89.04,21.21,5.72,
2020-04-26 00:00:00 UTC,3.51,5.72,6.85,50009.00,-47.53,89.04,21.21,5.72
2020-04-27 00:00:00 UTC,2.26,3.80,4.68,51443.29,-46.25,88.28,22.99,3.80,
2020-04-27 00:00:00 UTC,2.26,3.80,4.68,51443.29,-46.25,88.28,22.99,3.80
2020-04-28 00:00:00 UTC,0.94,1.76,2.36,52889.00,-46.15,84.99,24.79,1.76,
2020-04-28 00:00:00 UTC,0.94,1.76,2.36,52889.00,-46.15,84.99,24.79,1.76
2020-04-29 00:00:00 UTC,5.51,9.25,11.20,54327.39,-46.20,83.63,27.41,8.34,
2020-04-29 00:00:00 UTC,5.51,9.25,11.20,54327.39,-46.20,83.63,27.41,8.34
2020-04-30 00:00:00 UTC,4.48,7.64,9.56,55769.00,-47.28,82.38,27.99,6.51,
2020-04-30 00:00:00 UTC,4.48,7.64,9.56,55769.00,-47.28,82.38,27.99,6.51
2020-05-01 00:00:00 UTC,1.76,2.97,3.72,57209.00,-47.38,82.54,28.15,2.96,
2020-05-01 00:00:00 UTC,1.76,2.97,3.72,57209.00,-47.38,82.54,28.15,2.96
2020-05-02 00:00:00 UTC,0.64,1.34,1.91,58649.00,-47.00,84.85,26.96,1.32,
2020-05-02 00:00:00 UTC,0.64,1.34,1.91,58649.00,-47.00,84.85,26.96,1.32
2020-05-03 00:00:00 UTC,4.05,6.48,7.88,1284.32,-44.78,83.77,27.30,6.23,
2020-05-03 00:00:00 UTC,4.05,6.48,7.88,1284.32,-44.78,83.77,27.30,6.23
2020-05-04 00:00:00 UTC,3.19,4.94,5.88,2145.14,-43.47,84.94,28.67,4.67,
2020-05-04 00:00:00 UTC,3.19,4.94,5.88,2145.14,-43.47,84.94,28.67,4.67
2020-05-05 00:00:00 UTC,1.75,3.16,3.97,3587.00,-44.07,85.85,25.58,3.01,
2020-05-05 00:00:00 UTC,1.75,3.16,3.97,3587.00,-44.07,85.85,25.58,3.01
2020-05-06 00:00:00 UTC,1.43,2.66,3.46,5027.00,-43.46,86.06,23.46,2.66,
2020-05-06 00:00:00 UTC,1.43,2.66,3.46,5027.00,-43.46,86.06,23.46,2.66
2020-05-07 00:00:00 UTC,4.84,7.59,8.87,6467.00,-45.17,87.26,24.93,6.84,
2020-05-07 00:00:00 UTC,4.84,7.59,8.87,6467.00,-45.17,87.26,24.93,6.84
2020-05-08 00:00:00 UTC,2.61,4.23,5.17,7907.00,-45.64,88.44,26.16,4.23,
2020-05-08 00:00:00 UTC,2.61,4.23,5.17,7907.00,-45.64,88.44,26.16,4.23
2020-05-09 00:00:00 UTC,3.35,5.32,6.41,9347.00,-44.32,90.03,24.38,5.32,
2020-05-09 00:00:00 UTC,3.35,5.32,6.41,9347.00,-44.32,90.03,24.38,5.32
2020-05-10 00:00:00 UTC,4.51,7.73,9.69,10787.00,-42.49,87.72,24.49,7.47,
2020-05-10 00:00:00 UTC,4.51,7.73,9.69,10787.00,-42.49,87.72,24.49,7.47
2020-05-11 00:00:00 UTC,0.11,0.49,0.93,12227.00,-41.13,86.08,23.49,0.49,
2020-05-11 00:00:00 UTC,0.11,0.49,0.93,12227.00,-41.13,86.08,23.49,0.49
2020-05-12 00:00:00 UTC,0.39,1.08,1.65,13667.00,-41.13,85.99,22.55,1.08,
2020-05-12 00:00:00 UTC,0.39,1.08,1.65,13667.00,-41.13,85.99,22.55,1.08
2020-05-13 00:00:00 UTC,2.52,4.58,5.79,15107.00,-41.33,85.74,23.31,4.37,
2020-05-13 00:00:00 UTC,2.52,4.58,5.79,15107.00,-41.33,85.74,23.31,4.37
2020-05-14 00:00:00 UTC,0.31,0.92,1.43,16547.00,-42.05,84.98,21.95,0.92,
2020-05-14 00:00:00 UTC,0.31,0.92,1.43,16547.00,-42.05,84.98,21.95,0.92
2020-05-15 00:00:00 UTC,3.35,5.44,6.51,17987.09,-42.27,85.09,22.86,4.67,
2020-05-15 00:00:00 UTC,3.35,5.44,6.51,17987.09,-42.27,85.09,22.86,4.67
2020-05-16 00:00:00 UTC,6.45,10.11,12.01,19427.00,-41.39,85.61,23.95,9.08,
2020-05-16 00:00:00 UTC,6.45,10.11,12.01,19427.00,-41.39,85.61,23.95,9.08
2020-05-17 00:00:00 UTC,3.17,5.28,6.46,20867.00,-42.82,85.92,24.85,4.90,
2020-05-17 00:00:00 UTC,3.17,5.28,6.46,20867.00,-42.82,85.92,24.85,4.90
2020-05-18 00:00:00 UTC,2.20,3.84,4.78,22307.00,-42.87,87.88,23.08,3.41,
2020-05-18 00:00:00 UTC,2.20,3.84,4.78,22307.00,-42.87,87.88,23.08,3.41
2020-05-19 00:00:00 UTC,2.75,5.01,6.29,23747.00,-43.78,89.57,24.37,4.53,
2020-05-19 00:00:00 UTC,2.75,5.01,6.29,23747.00,-43.78,89.57,24.37,4.53
2020-05-20 00:00:00 UTC,1.51,2.86,3.65,25187.00,-43.58,90.09,22.39,2.75,
2020-05-20 00:00:00 UTC,1.51,2.86,3.65,25187.00,-43.58,90.09,22.39,2.75
2020-05-21 00:00:00 UTC,2.44,4.21,5.13,26627.00,-41.77,89.89,22.38,3.53,
2020-05-21 00:00:00 UTC,2.44,4.21,5.13,26627.00,-41.77,89.89,22.38,3.53
2020-05-22 00:00:00 UTC,0.48,1.32,2.09,28067.00,-42.47,90.84,21.65,1.32,
2020-05-22 00:00:00 UTC,0.48,1.32,2.09,28067.00,-42.47,90.84,21.65,1.32
2020-05-23 00:00:00 UTC,0.32,0.97,1.67,29507.00,-43.22,89.58,22.53,0.97,
2020-05-23 00:00:00 UTC,0.32,0.97,1.67,29507.00,-43.22,89.58,22.53,0.97
2020-05-24 00:00:00 UTC,0.90,2.03,2.94,30947.00,-43.98,89.18,22.21,2.03,
2020-05-24 00:00:00 UTC,0.90,2.03,2.94,30947.00,-43.98,89.18,22.21,2.03
2020-05-25 00:00:00 UTC,2.34,4.14,5.14,32387.00,-43.46,89.98,20.62,3.35,
2020-05-25 00:00:00 UTC,2.34,4.14,5.14,32387.00,-43.46,89.98,20.62,3.35
2020-05-26 00:00:00 UTC,1.15,2.15,2.77,33827.00,-43.13,91.08,21.98,2.15,
2020-05-26 00:00:00 UTC,1.15,2.15,2.77,33827.00,-43.13,91.08,21.98,2.15
2020-05-27 00:00:00 UTC,1.41,2.54,3.21,35267.00,-43.15,90.35,23.22,2.51,
2020-05-27 00:00:00 UTC,1.41,2.54,3.21,35267.00,-43.15,90.35,23.22,2.51
2020-05-28 00:00:00 UTC,1.46,2.65,3.41,36707.00,-43.21,91.18,20.39,2.23,
2020-05-28 00:00:00 UTC,1.46,2.65,3.41,36707.00,-43.21,91.18,20.39,2.23
2020-05-29 00:00:00 UTC,0.30,0.82,1.26,15459.10,-41.79,90.49,17.49,0.82,
2020-05-29 00:00:00 UTC,0.30,0.82,1.26,15459.10,-41.79,90.49,17.49,0.82
2020-05-30 00:00:00 UTC,1.55,2.79,3.51,1543.00,-40.02,91.01,18.41,2.60,
2020-05-30 00:00:00 UTC,1.55,2.79,3.51,1543.00,-40.02,91.01,18.41,2.60
2020-05-31 00:00:00 UTC,1.35,2.50,3.16,2983.00,-39.75,91.40,18.75,2.25,
2020-05-31 00:00:00 UTC,1.35,2.50,3.16,2983.00,-39.75,91.40,18.75,2.25
2020-06-01 00:00:00 UTC,0.80,1.34,1.70,4423.00,-42.10,91.36,19.94,1.34,
2020-06-01 00:00:00 UTC,0.80,1.34,1.70,4423.00,-42.10,91.36,19.94,1.34
2020-06-02 00:00:00 UTC,1.18,2.35,3.13,5863.00,-46.22,91.27,19.23,2.15,
2020-06-02 00:00:00 UTC,1.18,2.35,3.13,5863.00,-46.22,91.27,19.23,2.15
2020-06-03 00:00:00 UTC,1.21,2.09,2.57,7303.00,-43.37,89.01,23.19,2.09,
2020-06-03 00:00:00 UTC,1.21,2.09,2.57,7303.00,-43.37,89.01,23.19,2.09
2020-06-04 00:00:00 UTC,0.30,0.90,1.35,8743.00,-41.29,87.56,24.03,0.90,
2020-06-04 00:00:00 UTC,0.30,0.90,1.35,8743.00,-41.29,87.56,24.03,0.90
2020-06-05 00:00:00 UTC,0.06,0.28,0.57,10183.00,-41.37,87.02,23.37,0.28,
2020-06-05 00:00:00 UTC,0.06,0.28,0.57,10183.00,-41.37,87.02,23.37,0.28
2020-06-06 00:00:00 UTC,2.26,3.69,4.49,11623.00,-42.59,86.01,23.49,3.11,
2020-06-06 00:00:00 UTC,2.26,3.69,4.49,11623.00,-42.59,86.01,23.49,3.11
2020-06-07 00:00:00 UTC,0.27,0.78,1.18,13063.00,-44.74,86.33,25.05,0.78,
2020-06-07 00:00:00 UTC,0.27,0.78,1.18,13063.00,-44.74,86.33,25.05,0.78
2020-06-08 00:00:00 UTC,0.98,1.76,2.22,14503.00,-45.75,85.53,24.94,1.75,
2020-06-08 00:00:00 UTC,0.98,1.76,2.22,14503.00,-45.75,85.53,24.94,1.75
2020-06-09 00:00:00 UTC,4.14,7.43,9.56,15943.00,-45.54,86.55,24.40,6.26,
2020-06-09 00:00:00 UTC,4.14,7.43,9.56,15943.00,-45.54,86.55,24.40,6.26
2020-06-10 00:00:00 UTC,9.37,15.60,18.76,17383.00,-46.19,85.97,26.39,11.93,
2020-06-10 00:00:00 UTC,9.37,15.60,18.76,17383.00,-46.19,85.97,26.39,11.93
2020-06-11 00:00:00 UTC,3.03,4.91,5.89,18822.48,-45.61,85.14,28.03,4.55,
2020-06-11 00:00:00 UTC,3.03,4.91,5.89,18822.48,-45.61,85.14,28.03,4.55
2020-06-12 00:00:00 UTC,2.35,3.95,4.92,20263.00,-46.74,86.31,30.11,3.95,
2020-06-12 00:00:00 UTC,2.35,3.95,4.92,20263.00,-46.74,86.31,30.11,3.95
2020-06-13 00:00:00 UTC,3.68,6.12,7.43,21703.00,-47.14,87.52,27.13,4.96,
2020-06-13 00:00:00 UTC,3.68,6.12,7.43,21703.00,-47.14,87.52,27.13,4.96
2020-06-14 00:00:00 UTC,1.31,2.34,2.94,23143.00,-44.19,88.63,26.93,2.28,
2020-06-14 00:00:00 UTC,1.31,2.34,2.94,23143.00,-44.19,88.63,26.93,2.28
2020-06-15 00:00:00 UTC,0.88,1.67,2.18,24583.00,-45.19,89.44,26.09,1.67,
2020-06-15 00:00:00 UTC,0.88,1.67,2.18,24583.00,-45.19,89.44,26.09,1.67
2020-06-16 00:00:00 UTC,1.10,2.01,2.56,26023.00,-45.36,89.33,27.77,2.01,
2020-06-16 00:00:00 UTC,1.10,2.01,2.56,26023.00,-45.36,89.33,27.77,2.01
2020-06-17 00:00:00 UTC,2.86,5.13,6.58,27463.00,-43.62,88.79,28.98,4.12,
2020-06-17 00:00:00 UTC,2.86,5.13,6.58,27463.00,-43.62,88.79,28.98,4.12
2020-06-18 00:00:00 UTC,1.17,2.18,2.87,28903.00,-46.68,87.62,30.70,2.13,
2020-06-18 00:00:00 UTC,1.17,2.18,2.87,28903.00,-46.68,87.62,30.70,2.13
2020-06-19 00:00:00 UTC,0.97,1.91,2.51,30343.00,-44.25,86.79,30.12,1.90,
2020-06-19 00:00:00 UTC,0.97,1.91,2.51,30343.00,-44.25,86.79,30.12,1.90
2020-06-20 00:00:00 UTC,1.05,2.18,3.00,31783.00,-44.15,87.22,29.45,2.18,
2020-06-20 00:00:00 UTC,1.05,2.18,3.00,31783.00,-44.15,87.22,29.45,2.18
2020-06-21 00:00:00 UTC,1.29,2.45,3.31,33223.00,-44.77,88.15,28.28,2.44,
2020-06-21 00:00:00 UTC,1.29,2.45,3.31,33223.00,-44.77,88.15,28.28,2.44
2020-06-22 00:00:00 UTC,0.91,1.93,2.75,34663.00,-45.39,88.52,25.49,1.91,
2020-06-22 00:00:00 UTC,0.91,1.93,2.75,34663.00,-45.39,88.52,25.49,1.91
2020-06-23 00:00:00 UTC,1.97,3.75,5.02,36103.00,-44.22,90.47,26.32,3.49,
2020-06-23 00:00:00 UTC,1.97,3.75,5.02,36103.00,-44.22,90.47,26.32,3.49
2020-06-24 00:00:00 UTC,4.22,6.77,8.35,37543.00,-45.78,92.71,26.82,6.77,
2020-06-24 00:00:00 UTC,4.22,6.77,8.35,37543.00,-45.78,92.71,26.82,6.77
2020-06-25 00:00:00 UTC,3.71,5.64,6.59,38983.00,-44.70,94.92,26.21,5.64,
2020-06-25 00:00:00 UTC,3.71,5.64,6.59,38983.00,-44.70,94.92,26.21,5.64
2020-06-26 00:00:00 UTC,2.83,4.54,5.42,40423.00,-40.05,94.58,25.48,4.53,
2020-06-26 00:00:00 UTC,2.83,4.54,5.42,40423.00,-40.05,94.58,25.48,4.53
2020-06-27 00:00:00 UTC,3.03,4.81,5.75,41863.00,-41.34,91.94,26.37,3.92,
2020-06-27 00:00:00 UTC,3.03,4.81,5.75,41863.00,-41.34,91.94,26.37,3.92
2020-06-28 00:00:00 UTC,0.28,0.66,1.07,43303.00,-42.23,91.03,24.36,0.64,
2020-06-28 00:00:00 UTC,0.28,0.66,1.07,43303.00,-42.23,91.03,24.36,0.64
2020-06-29 00:00:00 UTC,1.41,2.70,3.65,44743.00,-42.04,89.70,23.97,2.43,
2020-06-29 00:00:00 UTC,1.41,2.70,3.65,44743.00,-42.04,89.70,23.97,2.43
2020-06-30 00:00:00 UTC,6.89,12.51,15.81,46183.00,-40.54,88.58,28.12,9.34,
2020-06-30 00:00:00 UTC,6.89,12.51,15.81,46183.00,-40.54,88.58,28.12,9.34
2020-07-01 00:00:00 UTC,2.02,3.38,4.16,47623.00,-37.72,89.02,28.88,2.99,
2020-07-01 00:00:00 UTC,2.02,3.38,4.16,47623.00,-37.72,89.02,28.88,2.99
2020-07-02 00:00:00 UTC,0.39,0.91,1.27,49063.00,-39.71,88.84,28.04,0.91,
2020-07-02 00:00:00 UTC,0.39,0.91,1.27,49063.00,-39.71,88.84,28.04,0.91
2020-07-03 00:00:00 UTC,0.30,0.90,1.39,50503.00,-38.84,88.18,28.17,0.90,
2020-07-03 00:00:00 UTC,0.30,0.90,1.39,50503.00,-38.84,88.18,28.17,0.90
2020-07-04 00:00:00 UTC,0.08,0.32,0.57,51943.00,-45.33,87.94,31.11,0.32,
2020-07-04 00:00:00 UTC,0.08,0.32,0.57,51943.00,-45.33,87.94,31.11,0.32
2020-07-05 00:00:00 UTC,0.91,1.80,2.51,53383.00,-43.97,89.08,28.41,1.80,
2020-07-05 00:00:00 UTC,0.91,1.80,2.51,53383.00,-43.97,89.08,28.41,1.80
2020-07-06 00:00:00 UTC,2.83,4.76,5.96,54823.00,-40.04,88.31,26.15,3.94,
2020-07-06 00:00:00 UTC,2.83,4.76,5.96,54823.00,-40.04,88.31,26.15,3.94
2020-07-07 00:00:00 UTC,1.07,2.11,2.80,56263.00,-40.81,87.65,26.94,2.11,
2020-07-07 00:00:00 UTC,1.07,2.11,2.80,56263.00,-40.81,87.65,26.94,2.11
2020-07-08 00:00:00 UTC,1.02,1.89,2.54,4488.88,-40.72,87.46,30.97,1.82,
2020-07-08 00:00:00 UTC,1.02,1.89,2.54,4488.88,-40.72,87.46,30.97,1.82
2020-07-09 00:00:00 UTC,1.33,2.33,2.94,1929.00,-42.76,87.24,32.56,2.23,
2020-07-09 00:00:00 UTC,1.33,2.33,2.94,1929.00,-42.76,87.24,32.56,2.23
2020-07-10 00:00:00 UTC,0.26,0.57,0.81,3369.00,-41.57,87.65,27.71,0.57,
2020-07-10 00:00:00 UTC,0.26,0.57,0.81,3369.00,-41.57,87.65,27.71,0.57
2020-07-11 00:00:00 UTC,0.50,1.01,1.40,4808.57,-40.39,86.73,24.29,1.01,
2020-07-11 00:00:00 UTC,0.50,1.01,1.40,4808.57,-40.39,86.73,24.29,1.01
2020-07-12 00:00:00 UTC,0.67,1.43,1.94,6249.00,-42.00,87.19,24.28,1.40,
2020-07-12 00:00:00 UTC,0.67,1.43,1.94,6249.00,-42.00,87.19,24.28,1.40
2020-07-13 00:00:00 UTC,1.76,3.18,4.03,7689.00,-43.33,88.10,27.45,2.52,
2020-07-13 00:00:00 UTC,1.76,3.18,4.03,7689.00,-43.33,88.10,27.45,2.52
2020-07-14 00:00:00 UTC,2.72,4.95,6.47,9129.84,-37.80,87.41,29.14,3.94,
2020-07-14 00:00:00 UTC,2.72,4.95,6.47,9129.84,-37.80,87.41,29.14,3.94
2020-07-15 00:00:00 UTC,4.28,8.81,11.73,10569.00,-34.10,86.60,29.74,6.41,
2020-07-15 00:00:00 UTC,4.28,8.81,11.73,10569.00,-34.10,86.60,29.74,6.41
2020-07-16 00:00:00 UTC,0.52,1.09,1.51,12009.00,-32.14,87.19,31.12,1.09,
2020-07-16 00:00:00 UTC,0.52,1.09,1.51,12009.00,-32.14,87.19,31.12,1.09
2020-07-17 00:00:00 UTC,1.40,2.67,3.51,13437.97,-32.12,89.55,30.03,2.60,
2020-07-17 00:00:00 UTC,1.40,2.67,3.51,13437.97,-32.12,89.55,30.03,2.60
2020-07-18 00:00:00 UTC,1.28,2.43,3.21,14889.00,-32.66,89.28,29.44,2.43,
2020-07-18 00:00:00 UTC,1.28,2.43,3.21,14889.00,-32.66,89.28,29.44,2.43
2020-07-19 00:00:00 UTC,0.41,0.96,1.42,16329.00,-32.69,89.38,29.86,0.91,
2020-07-19 00:00:00 UTC,0.41,0.96,1.42,16329.00,-32.69,89.38,29.86,0.91
2020-07-20 00:00:00 UTC,0.86,1.54,1.97,17768.48,-33.74,88.84,24.30,1.49,
2020-07-20 00:00:00 UTC,0.86,1.54,1.97,17768.48,-33.74,88.84,24.30,1.49
2020-07-21 00:00:00 UTC,2.53,4.60,5.97,19209.00,-33.45,88.11,23.18,3.41,
2020-07-21 00:00:00 UTC,2.53,4.60,5.97,19209.00,-33.45,88.11,23.18,3.41
2020-07-22 00:00:00 UTC,4.20,7.07,8.68,20649.17,-34.31,88.88,24.56,5.52,
2020-07-22 00:00:00 UTC,4.20,7.07,8.68,20649.17,-34.31,88.88,24.56,5.52
2020-07-23 00:00:00 UTC,0.74,1.45,1.89,22089.46,-33.99,89.28,26.23,1.41,
2020-07-23 00:00:00 UTC,0.74,1.45,1.89,22089.46,-33.99,89.28,26.23,1.41
2020-07-24 00:00:00 UTC,1.29,2.57,3.44,23529.00,-35.81,89.61,29.70,2.39,
2020-07-24 00:00:00 UTC,1.29,2.57,3.44,23529.00,-35.81,89.61,29.70,2.39
2020-07-25 00:00:00 UTC,0.14,0.47,0.75,24969.00,-35.71,89.08,32.14,0.47,
2020-07-25 00:00:00 UTC,0.14,0.47,0.75,24969.00,-35.71,89.08,32.14,0.47
2020-07-26 00:00:00 UTC,0.09,0.42,0.68,26408.28,-33.35,88.92,30.54,0.42,
2020-07-26 00:00:00 UTC,0.09,0.42,0.68,26408.28,-33.35,88.92,30.54,0.42
2020-07-27 00:00:00 UTC,0.06,0.51,0.66,27849.00,-33.20,87.45,31.82,0.40,
2020-07-27 00:00:00 UTC,0.06,0.51,0.66,27849.00,-33.20,87.45,31.82,0.40
2020-07-28 00:00:00 UTC,0.03,0.26,0.47,29289.00,-33.16,87.44,30.09,0.26,
2020-07-28 00:00:00 UTC,0.03,0.26,0.47,29289.00,-33.16,87.44,30.09,0.26
2020-07-29 00:00:00 UTC,0.14,0.44,0.65,30728.98,-36.52,87.88,28.70,0.44,
2020-07-29 00:00:00 UTC,0.14,0.44,0.65,30728.98,-36.52,87.88,28.70,0.44
2020-07-30 00:00:00 UTC,0.33,0.75,1.03,32167.03,-35.20,90.14,28.84,0.75,
2020-07-30 00:00:00 UTC,0.33,0.75,1.03,32167.03,-35.20,90.14,28.84,0.75
2020-07-31 00:00:00 UTC,1.15,2.09,2.57,33609.00,-35.15,92.53,28.43,2.09,
2020-07-31 00:00:00 UTC,1.15,2.09,2.57,33609.00,-35.15,92.53,28.43,2.09
2020-08-01 00:00:00 UTC,0.20,0.56,0.86,35049.00,-35.53,92.59,28.12,0.56,
2020-08-01 00:00:00 UTC,0.20,0.56,0.86,35049.00,-35.53,92.59,28.12,0.56
2020-08-02 00:00:00 UTC,1.35,2.44,3.17,36489.00,-35.09,90.97,24.80,1.91,
2020-08-02 00:00:00 UTC,1.35,2.44,3.17,36489.00,-35.09,90.97,24.80,1.91
2020-08-03 00:00:00 UTC,0.73,1.24,1.56,37929.00,-35.90,89.32,23.41,1.08,
2020-08-03 00:00:00 UTC,0.73,1.24,1.56,37929.00,-35.90,89.32,23.41,1.08
2020-08-04 00:00:00 UTC,1.17,2.23,2.92,39369.00,-36.12,87.88,24.97,1.94,
2020-08-04 00:00:00 UTC,1.17,2.23,2.92,39369.00,-36.12,87.88,24.97,1.94
2020-08-05 00:00:00 UTC,0.09,0.33,0.57,40809.00,-36.07,89.11,28.84,0.33,
2020-08-05 00:00:00 UTC,0.09,0.33,0.57,40809.00,-36.07,89.11,28.84,0.33
2020-08-06 00:00:00 UTC,0.08,0.25,0.39,42249.00,-35.56,88.93,31.52,0.25,
2020-08-06 00:00:00 UTC,0.08,0.25,0.39,42249.00,-35.56,88.93,31.52,0.25
2020-08-07 00:00:00 UTC,7.34,12.80,16.07,43688.28,-36.16,91.04,30.57,9.40,
2020-08-07 00:00:00 UTC,7.34,12.80,16.07,43688.28,-36.16,91.04,30.57,9.40
2020-08-08 00:00:00 UTC,1.72,3.00,3.73,45129.00,-34.77,92.47,31.64,2.98,
2020-08-08 00:00:00 UTC,1.72,3.00,3.73,45129.00,-34.77,92.47,31.64,2.98
2020-08-09 00:00:00 UTC,10.63,17.61,21.68,46569.00,-36.36,93.03,31.04,14.29,
2020-08-09 00:00:00 UTC,10.63,17.61,21.68,46569.00,-36.36,93.03,31.04,14.29
2020-08-10 00:00:00 UTC,10.82,17.91,22.09,48007.41,-36.49,93.78,31.31,14.70,
2020-08-10 00:00:00 UTC,10.82,17.91,22.09,48007.41,-36.49,93.78,31.31,14.70
2020-08-11 00:00:00 UTC,6.67,10.86,13.21,49449.00,-37.78,95.41,29.29,10.85,
2020-08-11 00:00:00 UTC,6.67,10.86,13.21,49449.00,-37.78,95.41,29.29,10.85
2020-08-12 00:00:00 UTC,7.31,12.06,14.70,50889.00,-37.50,96.21,30.61,12.05,
2020-08-12 00:00:00 UTC,7.31,12.06,14.70,50889.00,-37.50,96.21,30.61,12.05
2020-08-13 00:00:00 UTC,6.84,11.65,14.46,52329.00,-37.14,92.53,33.08,11.65,
2020-08-13 00:00:00 UTC,6.84,11.65,14.46,52329.00,-37.14,92.53,33.08,11.65
2020-08-14 00:00:00 UTC,7.61,14.20,19.01,53769.00,-37.84,89.28,34.51,12.24,
2020-08-14 00:00:00 UTC,7.61,14.20,19.01,53769.00,-37.84,89.28,34.51,12.24
2020-08-15 00:00:00 UTC,2.27,4.12,5.32,55209.27,-36.42,86.98,35.16,4.12,
2020-08-15 00:00:00 UTC,2.27,4.12,5.32,55209.27,-36.42,86.98,35.16,4.12
2020-08-16 00:00:00 UTC,0.74,1.58,2.11,56094.00,-35.48,86.00,35.99,1.58,
2020-08-16 00:00:00 UTC,0.74,1.58,2.11,56094.00,-35.48,86.00,35.99,1.58
2020-08-17 00:00:00 UTC,0.09,0.44,0.70,58089.00,-35.81,87.65,34.91,0.44,
2020-08-17 00:00:00 UTC,0.09,0.44,0.70,58089.00,-35.81,87.65,34.91,0.44
2020-08-18 00:00:00 UTC,0.03,0.22,0.41,59527.92,-37.18,88.13,34.78,0.22,
2020-08-18 00:00:00 UTC,0.03,0.22,0.41,59527.92,-37.18,88.13,34.78,0.22
2020-08-19 00:00:00 UTC,0.11,0.44,0.66,60969.00,-36.83,87.09,35.36,0.44,
2020-08-19 00:00:00 UTC,0.11,0.44,0.66,60969.00,-36.83,87.09,35.36,0.44
2020-08-20 00:00:00 UTC,0.02,0.24,0.55,62409.00,-36.25,89.51,33.36,0.24,
2020-08-20 00:00:00 UTC,0.02,0.24,0.55,62409.00,-36.25,89.51,33.36,0.24
2020-08-21 00:00:00 UTC,0.10,0.54,1.04,63849.00,-37.21,89.81,31.11,0.54,
2020-08-21 00:00:00 UTC,0.10,0.54,1.04,63849.00,-37.21,89.81,31.11,0.54
2020-08-22 00:00:00 UTC,0.46,1.02,1.55,65289.00,-36.69,88.06,27.87,0.93,
2020-08-22 00:00:00 UTC,0.46,1.02,1.55,65289.00,-36.69,88.06,27.87,0.93
2020-08-23 00:00:00 UTC,6.00,10.82,14.05,66729.00,-37.02,88.43,28.93,8.32,
2020-08-23 00:00:00 UTC,6.00,10.82,14.05,66729.00,-37.02,88.43,28.93,8.32
2020-08-24 00:00:00 UTC,0.30,0.80,1.23,16757.03,-36.74,88.31,30.03,0.80,
2020-08-24 00:00:00 UTC,0.30,0.80,1.23,16757.03,-36.74,88.31,30.03,0.80
2020-08-25 00:00:00 UTC,0.03,0.12,0.28,1813.00,-35.66,87.31,31.91,0.12,
2020-08-25 00:00:00 UTC,0.03,0.12,0.28,1813.00,-35.66,87.31,31.91,0.12
2020-08-26 00:00:00 UTC,0.16,0.48,0.80,3253.00,-35.19,87.11,29.58,0.48,
2020-08-26 00:00:00 UTC,0.16,0.48,0.80,3253.00,-35.19,87.11,29.58,0.48
2020-08-27 00:00:00 UTC,2.20,4.03,5.26,4693.00,-35.13,86.16,31.80,3.65,
2020-08-27 00:00:00 UTC,2.20,4.03,5.26,4693.00,-35.13,86.16,31.80,3.65
2020-08-28 00:00:00 UTC,9.10,16.55,21.66,6132.92,-35.09,86.03,33.57,11.76,
2020-08-28 00:00:00 UTC,9.10,16.55,21.66,6132.92,-35.09,86.03,33.57,11.76
2020-08-29 00:00:00 UTC,4.61,1.78,10.35,7573.00,-34.65,85.83,30.36,6.89,
2020-08-29 00:00:00 UTC,4.61,1.78,10.35,7573.00,-34.65,85.83,30.36,6.89
2020-08-30 00:00:00 UTC,0.66,1.47,2.22,9013.00,-35.09,84.59,28.47,1.42,
2020-08-30 00:00:00 UTC,0.66,1.47,2.22,9013.00,-35.09,84.59,28.47,1.42
2020-08-31 00:00:00 UTC,0.79,1.67,2.40,10453.00,-35.41,84.44,28.44,1.67,
2020-08-31 00:00:00 UTC,0.79,1.67,2.40,10453.00,-35.41,84.44,28.44,1.67
2020-09-01 00:00:00 UTC,10.69,18.31,23.02,11892.25,-37.37,84.75,28.33,13.56,
2020-09-01 00:00:00 UTC,10.69,18.31,23.02,11892.25,-37.37,84.75,28.33,13.56
2020-09-02 00:00:00 UTC,1.48,2.55,3.26,13333.00,-35.61,84.72,30.71,2.53,
2020-09-02 00:00:00 UTC,1.48,2.55,3.26,13333.00,-35.61,84.72,30.71,2.53
2020-09-03 00:00:00 UTC,0.47,0.95,1.37,14773.00,-37.25,85.63,34.32,0.94,
2020-09-03 00:00:00 UTC,0.47,0.95,1.37,14773.00,-37.25,85.63,34.32,0.94
2020-09-04 00:00:00 UTC,10.25,16.83,20.72,16213.00,-38.84,86.83,32.35,12.19,
2020-09-04 00:00:00 UTC,10.25,16.83,20.72,16213.00,-38.84,86.83,32.35,12.19
2020-09-05 00:00:00 UTC,3.24,5.49,6.95,17653.00,-37.01,87.01,28.17,4.75,
2020-09-05 00:00:00 UTC,3.24,5.49,6.95,17653.00,-37.01,87.01,28.17,4.75
2020-09-06 00:00:00 UTC,12.51,21.07,26.65,19093.00,-35.80,86.95,28.07,15.05,
2020-09-06 00:00:00 UTC,12.51,21.07,26.65,19093.00,-35.80,86.95,28.07,15.05
2020-09-07 00:00:00 UTC,0.81,1.63,2.24,20532.26,-37.32,85.91,29.86,1.63,
2020-09-07 00:00:00 UTC,0.81,1.63,2.24,20532.26,-37.32,85.91,29.86,1.63
2020-09-08 00:00:00 UTC,0.89,1.65,2.21,21973.00,-38.61,87.47,33.75,1.53,
2020-09-08 00:00:00 UTC,0.89,1.65,2.21,21973.00,-38.61,87.47,33.75,1.53
2020-09-09 00:00:00 UTC,0.73,1.46,2.03,23413.00,-37.55,88.01,32.33,1.46,
2020-09-09 00:00:00 UTC,0.73,1.46,2.03,23413.00,-37.55,88.01,32.33,1.46
2020-09-10 00:00:00 UTC,2.66,4.66,5.97,24853.00,-35.84,87.11,26.54,4.42,
2020-09-10 00:00:00 UTC,2.66,4.66,5.97,24853.00,-35.84,87.11,26.54,4.42
2020-09-11 00:00:00 UTC,6.10,10.09,12.46,26292.93,-35.23,86.58,27.74,7.65,
2020-09-11 00:00:00 UTC,6.10,10.09,12.46,26292.93,-35.23,86.58,27.74,7.65
2020-09-12 00:00:00 UTC,6.59,11.32,14.32,27733.00,-35.78,87.62,27.42,8.62,
2020-09-12 00:00:00 UTC,6.59,11.32,14.32,27733.00,-35.78,87.62,27.42,8.62
2020-09-13 00:00:00 UTC,0.77,1.50,2.08,29173.00,-36.82,88.47,28.29,1.48,
2020-09-13 00:00:00 UTC,0.77,1.50,2.08,29173.00,-36.82,88.47,28.29,1.48
2020-09-14 00:00:00 UTC,2.83,5.13,6.73,30613.00,-36.79,90.20,28.26,4.79,
2020-09-14 00:00:00 UTC,2.83,5.13,6.73,30613.00,-36.79,90.20,28.26,4.79
2020-09-15 00:00:00 UTC,9.61,15.97,19.69,32053.00,-35.73,91.16,29.73,13.30,
2020-09-15 00:00:00 UTC,9.61,15.97,19.69,32053.00,-35.73,91.16,29.73,13.30
2020-09-16 00:00:00 UTC,3.12,5.26,6.61,33493.00,-36.27,92.06,29.70,5.25,
2020-09-16 00:00:00 UTC,3.12,5.26,6.61,33493.00,-36.27,92.06,29.70,5.25
2020-09-17 00:00:00 UTC,0.24,0.63,1.06,34933.00,-36.23,90.78,25.54,0.62,
2020-09-17 00:00:00 UTC,0.24,0.63,1.06,34933.00,-36.23,90.78,25.54,0.62
2020-09-18 00:00:00 UTC,0.46,0.86,1.24,36373.00,-36.11,89.99,24.33,0.85,
2020-09-18 00:00:00 UTC,0.46,0.86,1.24,36373.00,-36.11,89.99,24.33,0.85
2020-09-19 00:00:00 UTC,0.37,0.90,1.41,37812.21,-35.75,89.66,25.68,0.90,
2020-09-19 00:00:00 UTC,0.37,0.90,1.41,37812.21,-35.75,89.66,25.68,0.90
2020-09-20 00:00:00 UTC,6.61,11.42,14.60,39253.00,-36.47,90.71,27.45,8.69,
2020-09-20 00:00:00 UTC,6.61,11.42,14.60,39253.00,-36.47,90.71,27.45,8.69
2020-09-21 00:00:00 UTC,3.36,5.49,6.83,40693.44,-36.51,89.71,27.23,5.38,
2020-09-21 00:00:00 UTC,3.36,5.49,6.83,40693.44,-36.51,89.71,27.23,5.38
2020-09-22 00:00:00 UTC,7.34,12.87,16.43,42133.00,-36.27,88.36,28.27,10.66,
2020-09-22 00:00:00 UTC,7.34,12.87,16.43,42133.00,-36.27,88.36,28.27,10.66
2020-09-23 00:00:00 UTC,0.57,1.20,1.70,43572.56,-34.71,87.96,30.51,1.20,
2020-09-23 00:00:00 UTC,0.57,1.20,1.70,43572.56,-34.71,87.96,30.51,1.20
2020-09-24 00:00:00 UTC,0.11,0.32,0.55,45013.00,-34.76,86.41,27.09,0.31,
2020-09-24 00:00:00 UTC,0.11,0.32,0.55,45013.00,-34.76,86.41,27.09,0.31
2020-09-25 00:00:00 UTC,0.24,0.57,0.88,46453.00,-36.14,85.49,25.52,0.57,
2020-09-25 00:00:00 UTC,0.24,0.57,0.88,46453.00,-36.14,85.49,25.52,0.57
2020-09-26 00:00:00 UTC,1.82,3.41,4.61,47893.00,-36.43,84.96,25.06,3.06,
2020-09-26 00:00:00 UTC,1.82,3.41,4.61,47893.00,-36.43,84.96,25.06,3.06
2020-09-27 00:00:00 UTC,4.05,7.03,8.95,49332.00,-34.99,84.94,26.15,5.79,
2020-09-27 00:00:00 UTC,4.05,7.03,8.95,49332.00,-34.99,84.94,26.15,5.79
2020-09-28 00:00:00 UTC,13.03,22.06,27.80,50771.00,-37.18,84.70,27.90,16.39,
2020-09-28 00:00:00 UTC,13.03,22.06,27.80,50771.00,-37.18,84.70,27.90,16.39
2020-09-29 00:00:00 UTC,4.06,7.29,9.58,52211.00,-37.25,84.74,31.07,6.59,
2020-09-29 00:00:00 UTC,4.06,7.29,9.58,52211.00,-37.25,84.74,31.07,6.59
2020-09-30 00:00:00 UTC,1.07,2.19,3.02,53651.00,-37.99,83.58,30.72,2.19,
2020-09-30 00:00:00 UTC,1.07,2.19,3.02,53651.00,-37.99,83.58,30.72,2.19
2020-10-01 00:00:00 UTC,0.19,0.51,0.81,55091.00,-38.59,84.11,31.03,0.51,
2020-10-01 00:00:00 UTC,0.19,0.51,0.81,55091.00,-38.59,84.11,31.03,0.51
2020-10-02 00:00:00 UTC,2.04,4.38,6.63,56530.31,-37.99,82.67,31.32,3.79,
2020-10-02 00:00:00 UTC,2.04,4.38,6.63,56530.31,-37.99,82.67,31.32,3.79
2020-10-03 00:00:00 UTC,0.87,1.76,2.42,57971.00,-39.19,82.23,34.54,1.76,
2020-10-03 00:00:00 UTC,0.87,1.76,2.42,57971.00,-39.19,82.23,34.54,1.76
2020-10-04 00:00:00 UTC,1.21,2.20,2.88,59411.00,-39.29,81.52,33.75,2.14,
2020-10-04 00:00:00 UTC,1.21,2.20,2.88,59411.00,-39.29,81.52,33.75,2.14
2020-10-05 00:00:00 UTC,0.46,1.06,1.55,60851.00,-40.69,81.92,33.77,1.06,
2020-10-05 00:00:00 UTC,0.46,1.06,1.55,60851.00,-40.69,81.92,33.77,1.06
2020-10-06 00:00:00 UTC,2.83,4.77,5.99,62291.00,-40.26,82.88,33.84,4.10,
2020-10-06 00:00:00 UTC,2.83,4.77,5.99,62291.00,-40.26,82.88,33.84,4.10
2020-10-07 00:00:00 UTC,0.22,0.57,0.90,63731.00,-38.82,83.36,33.58,0.57,
2020-10-07 00:00:00 UTC,0.22,0.57,0.90,63731.00,-38.82,83.36,33.58,0.57
2020-10-08 00:00:00 UTC,1.05,2.00,2.76,65171.00,-40.12,83.58,34.88,1.96,
2020-10-08 00:00:00 UTC,1.05,2.00,2.76,65171.00,-40.12,83.58,34.88,1.96
2020-10-09 00:00:00 UTC,1.82,2.80,3.39,66611.00,-39.60,82.56,33.09,2.74,
2020-10-09 00:00:00 UTC,1.82,2.80,3.39,66611.00,-39.60,82.56,33.09,2.74
2020-10-10 00:00:00 UTC,4.51,7.86,10.14,68051.00,-37.40,80.89,32.98,6.36,
2020-10-10 00:00:00 UTC,4.51,7.86,10.14,68051.00,-37.40,80.89,32.98,6.36
2020-10-11 00:00:00 UTC,1.37,2.50,3.36,23830.42,-36.42,81.72,32.40,2.46,
2020-10-11 00:00:00 UTC,1.37,2.50,3.36,23830.42,-36.42,81.72,32.40,2.46
2020-10-12 00:00:00 UTC,0.58,1.16,1.61,1669.00,-36.38,80.88,33.25,1.15,
2020-10-12 00:00:00 UTC,0.58,1.16,1.61,1669.00,-36.38,80.88,33.25,1.15
2020-10-13 00:00:00 UTC,1.44,2.61,3.54,3109.00,-35.50,82.85,32.66,2.47,
2020-10-13 00:00:00 UTC,1.44,2.61,3.54,3109.00,-35.50,82.85,32.66,2.47
2020-10-14 00:00:00 UTC,0.44,0.90,1.28,4549.00,-35.56,82.54,32.54,0.90,
2020-10-14 00:00:00 UTC,0.44,0.90,1.28,4549.00,-35.56,82.54,32.54,0.90
2020-10-15 00:00:00 UTC,0.78,1.17,1.46,5989.00,-35.08,81.83,32.37,1.16,
2020-10-15 00:00:00 UTC,0.78,1.17,1.46,5989.00,-35.08,81.83,32.37,1.16
2020-10-16 00:00:00 UTC,0.30,0.65,1.00,7429.00,-35.63,81.45,32.93,0.65,
2020-10-16 00:00:00 UTC,0.30,0.65,1.00,7429.00,-35.63,81.45,32.93,0.65
2020-10-17 00:00:00 UTC,0.96,1.87,2.60,8869.00,-34.49,81.99,33.43,1.87,
2020-10-17 00:00:00 UTC,0.96,1.87,2.60,8869.00,-34.49,81.99,33.43,1.87
2020-10-18 00:00:00 UTC,4.84,8.25,10.36,10309.00,-35.91,80.94,33.64,8.18,
2020-10-18 00:00:00 UTC,4.84,8.25,10.36,10309.00,-35.91,80.94,33.64,8.18
2020-10-19 00:00:00 UTC,1.99,3.41,4.33,11749.00,-37.83,81.86,33.84,3.34,
2020-10-19 00:00:00 UTC,1.99,3.41,4.33,11749.00,-37.83,81.86,33.84,3.34
2020-10-20 00:00:00 UTC,4.09,7.46,9.99,13189.00,-38.43,83.43,34.28,6.22,
2020-10-20 00:00:00 UTC,4.09,7.46,9.99,13189.00,-38.43,83.43,34.28,6.22
2020-10-21 00:00:00 UTC,0.63,1.29,1.82,14629.00,-41.67,83.13,34.63,1.29,
2020-10-21 00:00:00 UTC,0.63,1.29,1.82,14629.00,-41.67,83.13,34.63,1.29
2020-10-22 00:00:00 UTC,0.53,1.02,1.40,16070.54,-42.64,83.37,34.49,1.02,
2020-10-22 00:00:00 UTC,0.53,1.02,1.40,16070.54,-42.64,83.37,34.49,1.02
2020-10-23 00:00:00 UTC,0.39,0.91,1.40,17509.00,-41.90,83.01,34.62,0.91,
2020-10-23 00:00:00 UTC,0.39,0.91,1.40,17509.00,-41.90,83.01,34.62,0.91
2020-10-24 00:00:00 UTC,2.87,4.80,6.15,18949.00,-40.54,83.38,34.06,4.44,
2020-10-24 00:00:00 UTC,2.87,4.80,6.15,18949.00,-40.54,83.38,34.06,4.44
2020-10-25 00:00:00 UTC,1.04,1.52,1.87,20389.00,-39.01,85.70,33.35,1.52